purl,ecosystem,dependent_repos,repository_url,bridge_tools,c_crates
pkg:npm/rollup,npm,1133301,https://github.com/rollup/rollup,napi-rs,"psm,stacker"
pkg:npm/tailwindcss,npm,1049673,https://github.com/tailwindlabs/tailwindcss,napi-rs,libfuzzer-sys
pkg:npm/selenium-webdriver,npm,622782,https://github.com/seleniumhq/selenium,"","bzip2-sys,lzma-sys,ring,zstd-sys"
pkg:npm/%40swc/helpers,npm,360974,https://github.com/swc-project/swc,napi-rs,"blake3,libfuzzer-sys,libmimalloc-sys,openssl-sys,psm,stacker,tikv-jemalloc-sys"
pkg:npm/next,npm,345645,https://github.com/vercel/next.js,napi-rs,"aws-lc-sys,blake3,libfuzzer-sys,libmimalloc-sys,openssl-sys,psm,rav1e,ring,stacker,sys-info,zstd-sys"
pkg:gem/commonmarker,rubygems,317893,https://github.com/gjtorikian/commonmarker,"Magnus,rb-sys","onig,onig_sys,rb-sys"
pkg:gem/selenium-webdriver,rubygems,311814,https://github.com/seleniumhq/selenium,"","bzip2-sys,lzma-sys,ring,zstd-sys"
pkg:npm/%40next/env,npm,304007,https://github.com/vercel/next.js,napi-rs,"aws-lc-sys,blake3,libfuzzer-sys,libmimalloc-sys,openssl-sys,psm,rav1e,ring,stacker,sys-info,zstd-sys"
pkg:npm/hermes-engine,npm,214711,https://github.com/facebook/hermes,"","psm,stacker"
pkg:npm/%40next/swc-win32-x64-msvc,npm,200018,https://github.com/vercel/next.js,napi-rs,"aws-lc-sys,blake3,libfuzzer-sys,libmimalloc-sys,openssl-sys,psm,rav1e,ring,stacker,sys-info,zstd-sys"
pkg:npm/%40next/swc-darwin-x64,npm,199310,https://github.com/vercel/next.js,napi-rs,"aws-lc-sys,blake3,libfuzzer-sys,libmimalloc-sys,openssl-sys,psm,rav1e,ring,stacker,sys-info,zstd-sys"
pkg:npm/%40next/swc-linux-x64-gnu,npm,199250,https://github.com/vercel/next.js,napi-rs,"aws-lc-sys,blake3,libfuzzer-sys,libmimalloc-sys,openssl-sys,psm,rav1e,ring,stacker,sys-info,zstd-sys"
pkg:npm/%40next/swc-darwin-arm64,npm,199127,https://github.com/vercel/next.js,napi-rs,"aws-lc-sys,blake3,libfuzzer-sys,libmimalloc-sys,openssl-sys,psm,rav1e,ring,stacker,sys-info,zstd-sys"
pkg:npm/%40next/swc-linux-x64-musl,npm,186350,https://github.com/vercel/next.js,napi-rs,"aws-lc-sys,blake3,libfuzzer-sys,libmimalloc-sys,openssl-sys,psm,rav1e,ring,stacker,sys-info,zstd-sys"
pkg:npm/%40next/swc-win32-ia32-msvc,npm,185803,https://github.com/vercel/next.js,napi-rs,"aws-lc-sys,blake3,libfuzzer-sys,libmimalloc-sys,openssl-sys,psm,rav1e,ring,stacker,sys-info,zstd-sys"
pkg:npm/%40next/swc-linux-arm64-musl,npm,185782,https://github.com/vercel/next.js,napi-rs,"aws-lc-sys,blake3,libfuzzer-sys,libmimalloc-sys,openssl-sys,psm,rav1e,ring,stacker,sys-info,zstd-sys"
pkg:npm/%40next/swc-linux-arm64-gnu,npm,185780,https://github.com/vercel/next.js,napi-rs,"aws-lc-sys,blake3,libfuzzer-sys,libmimalloc-sys,openssl-sys,psm,rav1e,ring,stacker,sys-info,zstd-sys"
pkg:npm/%40next/swc-win32-arm64-msvc,npm,185777,https://github.com/vercel/next.js,napi-rs,"aws-lc-sys,blake3,libfuzzer-sys,libmimalloc-sys,openssl-sys,psm,rav1e,ring,stacker,sys-info,zstd-sys"
pkg:npm/eslint-config-next,npm,177757,https://github.com/vercel/next.js,napi-rs,"aws-lc-sys,blake3,libfuzzer-sys,libmimalloc-sys,openssl-sys,psm,rav1e,ring,stacker,sys-info,zstd-sys"
pkg:npm/%40next/eslint-plugin-next,npm,168048,https://github.com/vercel/next.js,napi-rs,"aws-lc-sys,blake3,libfuzzer-sys,libmimalloc-sys,openssl-sys,psm,rav1e,ring,stacker,sys-info,zstd-sys"
pkg:pypi/cryptography,pypi,131580,https://github.com/pyca/cryptography,Maturin,openssl-sys
pkg:npm/%40next/react-refresh-utils,npm,112079,https://github.com/vercel/next.js,napi-rs,"aws-lc-sys,blake3,libfuzzer-sys,libmimalloc-sys,openssl-sys,psm,rav1e,ring,stacker,sys-info,zstd-sys"
pkg:npm/%40next/react-dev-overlay,npm,106030,https://github.com/vercel/next.js,napi-rs,"aws-lc-sys,blake3,libfuzzer-sys,libmimalloc-sys,openssl-sys,psm,rav1e,ring,stacker,sys-info,zstd-sys"
pkg:maven/org.seleniumhq.selenium/selenium-java,maven,98124,https://github.com/seleniumhq/selenium,"","bzip2-sys,lzma-sys,ring,zstd-sys"
pkg:npm/hermes-parser,npm,92350,https://github.com/facebook/hermes,"","psm,stacker"
pkg:npm/%40next/polyfill-module,npm,90210,https://github.com/vercel/next.js,napi-rs,"aws-lc-sys,blake3,libfuzzer-sys,libmimalloc-sys,openssl-sys,psm,rav1e,ring,stacker,sys-info,zstd-sys"
pkg:npm/%40parcel/utils,npm,89249,https://github.com/parcel-bundler/parcel,napi-rs,"jemalloc-sys,libdeflate-sys,libmimalloc-sys,mozjpeg-sys,psm,stacker"
pkg:npm/%40parcel/logger,npm,89232,https://github.com/parcel-bundler/parcel,napi-rs,"jemalloc-sys,libdeflate-sys,libmimalloc-sys,mozjpeg-sys,psm,stacker"
pkg:npm/%40parcel/workers,npm,89223,https://github.com/parcel-bundler/parcel,napi-rs,"jemalloc-sys,libdeflate-sys,libmimalloc-sys,mozjpeg-sys,psm,stacker"
pkg:npm/%40parcel/fs,npm,89222,https://github.com/parcel-bundler/parcel,napi-rs,"jemalloc-sys,libdeflate-sys,libmimalloc-sys,mozjpeg-sys,psm,stacker"
pkg:npm/hermes-estree,npm,87133,https://github.com/facebook/hermes,"","psm,stacker"
pkg:npm/relay-runtime,npm,76213,https://github.com/facebook/relay,"","openssl-src,openssl-sys,zstd-sys"
pkg:npm/%40swc/core,npm,69112,https://github.com/swc-project/swc,napi-rs,"blake3,libfuzzer-sys,libmimalloc-sys,openssl-sys,psm,stacker,tikv-jemalloc-sys"
pkg:pypi/selenium,pypi,62210,https://github.com/seleniumhq/selenium,"","bzip2-sys,lzma-sys,ring,zstd-sys"
pkg:npm/parcel-bundler,npm,61051,https://github.com/parcel-bundler/parcel,napi-rs,"jemalloc-sys,libdeflate-sys,libmimalloc-sys,mozjpeg-sys,psm,stacker"
pkg:npm/%40swc/core-win32-x64-msvc,npm,57360,https://github.com/swc-project/swc,napi-rs,"blake3,libfuzzer-sys,libmimalloc-sys,openssl-sys,psm,stacker,tikv-jemalloc-sys"
pkg:npm/%40swc/core-darwin-arm64,npm,57114,https://github.com/swc-project/swc,napi-rs,"blake3,libfuzzer-sys,libmimalloc-sys,openssl-sys,psm,stacker,tikv-jemalloc-sys"
pkg:npm/%40swc/core-linux-x64-gnu,npm,57062,https://github.com/swc-project/swc,napi-rs,"blake3,libfuzzer-sys,libmimalloc-sys,openssl-sys,psm,stacker,tikv-jemalloc-sys"
pkg:npm/%40swc/core-linux-x64-musl,npm,57055,https://github.com/swc-project/swc,napi-rs,"blake3,libfuzzer-sys,libmimalloc-sys,openssl-sys,psm,stacker,tikv-jemalloc-sys"
pkg:npm/%40swc/core-darwin-x64,npm,56878,https://github.com/swc-project/swc,napi-rs,"blake3,libfuzzer-sys,libmimalloc-sys,openssl-sys,psm,stacker,tikv-jemalloc-sys"
pkg:npm/%40swc/core-linux-arm64-gnu,npm,56735,https://github.com/swc-project/swc,napi-rs,"blake3,libfuzzer-sys,libmimalloc-sys,openssl-sys,psm,stacker,tikv-jemalloc-sys"
pkg:npm/%40swc/core-win32-ia32-msvc,npm,56725,https://github.com/swc-project/swc,napi-rs,"blake3,libfuzzer-sys,libmimalloc-sys,openssl-sys,psm,stacker,tikv-jemalloc-sys"
pkg:npm/%40swc/core-linux-arm64-musl,npm,56687,https://github.com/swc-project/swc,napi-rs,"blake3,libfuzzer-sys,libmimalloc-sys,openssl-sys,psm,stacker,tikv-jemalloc-sys"
pkg:npm/%40swc/core-win32-arm64-msvc,npm,56682,https://github.com/swc-project/swc,napi-rs,"blake3,libfuzzer-sys,libmimalloc-sys,openssl-sys,psm,stacker,tikv-jemalloc-sys"
pkg:pypi/tensorboard,pypi,45077,https://github.com/tensorflow/tensorboard,"",ring
pkg:npm/%40rollup/rollup-linux-x64-gnu,npm,36144,https://github.com/rollup/rollup,napi-rs,"psm,stacker"
pkg:cocoapods/Flipper,cocoapods,34784,https://github.com/facebook/flipper,"",lzma-sys
pkg:cocoapods/FlipperKit,cocoapods,34782,https://github.com/facebook/flipper,"",lzma-sys
pkg:npm/%40rollup/rollup-linux-x64-musl,npm,32265,https://github.com/rollup/rollup,napi-rs,"psm,stacker"
pkg:npm/%40swc/types,npm,27316,https://github.com/swc-project/swc,napi-rs,"blake3,libfuzzer-sys,libmimalloc-sys,openssl-sys,psm,stacker,tikv-jemalloc-sys"
pkg:npm/%40nrwl/devkit,npm,19290,https://github.com/nrwl/nx,napi-rs,"libsqlite3-sys,psm,ring,rusqlite,stacker,tikv-jemalloc-sys"
pkg:maven/org.elasticsearch/elasticsearch,maven,18551,https://github.com/elastic/elasticsearch,"","ring,zstd-sys"
pkg:npm/%40graphql-codegen/plugin-helpers,npm,17858,https://github.com/dotansimha/graphql-code-generator,"","psm,stacker"
pkg:npm/%40graphql-codegen/visitor-plugin-common,npm,17423,https://github.com/dotansimha/graphql-code-generator,"","psm,stacker"
pkg:pypi/tokenizers,pypi,14571,https://github.com/huggingface/tokenizers,"","esaxx-rs,onig"
pkg:maven/org.seleniumhq.selenium/selenium-chrome-driver,maven,13871,https://github.com/seleniumhq/selenium,"","bzip2-sys,lzma-sys,ring,zstd-sys"
pkg:pypi/tensorboard-data-server,pypi,13536,https://github.com/tensorflow/tensorboard,"",ring
pkg:maven/org.seleniumhq.selenium/selenium-server,maven,10765,https://github.com/seleniumhq/selenium,"","bzip2-sys,lzma-sys,ring,zstd-sys"
pkg:maven/org.seleniumhq.selenium/selenium-firefox-driver,maven,10500,https://github.com/seleniumhq/selenium,"","bzip2-sys,lzma-sys,ring,zstd-sys"
pkg:pypi/wandb,pypi,9299,https://github.com/wandb/wandb,"","aws-lc-sys,openssl-sys,ring,zstd-sys"
pkg:maven/org.seleniumhq.selenium/selenium-support,maven,8655,https://github.com/seleniumhq/selenium,"","bzip2-sys,lzma-sys,ring,zstd-sys"
pkg:maven/org.elasticsearch.client/elasticsearch-rest-high-level-client,maven,8109,https://github.com/elastic/elasticsearch,"","ring,zstd-sys"
pkg:cocoapods/BoringSSL-GRPC,cocoapods,8074,https://github.com/google/boringssl,"",ring
pkg:maven/org.seleniumhq.selenium/selenium-api,maven,7759,https://github.com/seleniumhq/selenium,"","bzip2-sys,lzma-sys,ring,zstd-sys"
pkg:maven/org.seleniumhq.selenium/selenium-remote-driver,maven,6810,https://github.com/seleniumhq/selenium,"","bzip2-sys,lzma-sys,ring,zstd-sys"
pkg:pypi/chromadb,pypi,6246,https://github.com/chroma-core/chroma,"napi-rs,Maturin","aws-lc-sys,cxx,cxx-build,generator,libsqlite3-sys,link-cplusplus,lz4-sys,openssl-sys,ring,tikv-jemalloc-sys,tree-sitter,tree-sitter-md,zstd-sys"
pkg:pypi/safetensors,pypi,6234,https://github.com/safetensors/safetensors,"",libfuzzer-sys
pkg:pypi/ruff,pypi,5870,https://github.com/astral-sh/ruff,Maturin,"libfuzzer-sys,libmimalloc-sys,psm,stacker,tikv-jemalloc-sys,zstd-sys"
pkg:maven/org.elasticsearch.client/transport,maven,4859,https://github.com/elastic/elasticsearch,"","ring,zstd-sys"
pkg:pypi/zstandard,pypi,3818,https://github.com/indygreg/python-zstandard,"",zstd-sys
pkg:pypi/catboost,pypi,3035,https://github.com/catboost/catboost,"",catboost-sys
pkg:npm/pnpm,npm,2954,https://github.com/pnpm/pnpm,napi-rs,"aws-lc-sys,libsql-sys,libsqlite3-sys,ring,rusqlite,sha2-asm,tree-sitter,tree-sitter-iter,tree-sitter-yaml"
pkg:pypi/tb-nightly,pypi,2089,https://github.com/tensorflow/tensorboard,"",ring
pkg:pypi/rouge-score,pypi,2006,https://github.com/google-research/google-research,"","android-activity,block-sys,generator,tracy-client-sys"
pkg:pypi/tensorflow-tensorboard,pypi,1949,https://github.com/tensorflow/tensorboard,"",ring
pkg:conda/cryptography?repository_url=https://conda-forge.org,conda,1571,https://github.com/pyca/cryptography,Maturin,openssl-sys
pkg:pypi/lief,pypi,1504,https://github.com/lief-project/lief,"","aws-lc-sys,cxx,cxx-build,link-cplusplus,openssl-sys,ring"
pkg:pypi/qiskit,pypi,987,https://github.com/qiskit/qiskit,setuptools-rust,"generator,libmimalloc-sys"
pkg:pypi/polars,pypi,947,https://github.com/pola-rs/polars,"","aws-lc-sys,blake3,hwlocality-sys,libmimalloc-sys,lz4-sys,openssl-sys,psm,ring,stacker,tikv-jemalloc-sys,zstd-sys"
pkg:gem/prometheus-client-mmap,rubygems,889,https://gitlab.com/gitlab-org/prometheus-client-mmap,"Magnus,rb-sys",rb-sys
pkg:conda/tensorboard?repository_url=https://conda-forge.org,conda,881,https://github.com/tensorflow/tensorboard,"",ring
pkg:gem/t,rubygems,754,https://github.com/sferik/x-cli,"","aws-lc-sys,ring"
pkg:pypi/dbt-core,pypi,553,https://github.com/dbt-labs/dbt-core,"","libfuzzer-sys,stacker"
pkg:pypi/maturin,pypi,486,https://github.com/pyo3/maturin,Maturin,"jemalloc-sys,libmimalloc-sys,libz-sys,lzma-sys,openssl-sys,psm,ring,stacker,zstd-sys"
pkg:pypi/dbt-extractor,pypi,480,https://github.com/dbt-labs/dbt-extractor,Maturin,"tree-sitter,tree-sitter-jinja2"
pkg:pypi/lancedb,pypi,453,https://github.com/lancedb/lancedb,napi-rs,"aws-lc-sys,blake3,esaxx-rs,generator,lz4-sys,lzma-sys,onig,onig_sys,psm,ring,sha2-asm,stacker,symbolic-demangle,zstd-sys"
pkg:pypi/momento-wire-types,pypi,390,https://github.com/momentohq/client-protos,"","aws-lc-sys,ring"
pkg:pypi/cramjam,pypi,379,https://github.com/milesgranger/cramjam,Maturin,"blosc2-sys,bzip2-sys,isal-sys,libdeflate-sys,lz4-sys,lzma-sys,zstd-sys"
pkg:pypi/qiskit-terra,pypi,350,https://github.com/qiskit/qiskit,setuptools-rust,"generator,libmimalloc-sys"
pkg:pypi/ddtrace,pypi,343,https://github.com/datadog/dd-trace-py,setuptools-rust,"libdd-libunwind-sys,ring,symbolic-demangle,sys-info,zstd-sys"
pkg:pypi/lintrunner,pypi,331,https://github.com/suo/lintrunner,Maturin,blake3
pkg:pypi/imgtool,pypi,290,https://github.com/mcu-tools/mcuboot,"",ring
pkg:pypi/daft,pypi,284,https://github.com/eventual-inc/daft,Maturin,"aws-lc-sys,blake3,liblzma-sys,lz4-sys,psm,ring,sha2-asm,stacker,tikv-jemalloc-sys,zstd-sys"
pkg:pypi/ngrok,pypi,270,https://github.com/ngrok/ngrok-python,Maturin,"aws-lc-sys,ring"
pkg:gem/rb_sys,rubygems,167,https://github.com/oxidize-rb/rb-sys,rb-sys,libfuzzer-sys
pkg:gem/rucaptcha,rubygems,151,https://github.com/huacnlee/rucaptcha,"Magnus,rb-sys",rb-sys
pkg:hex/explorer,hex,150,https://github.com/elixir-explorer/explorer,Rustler,"blake3,libmimalloc-sys,lz4-sys,psm,ring,stacker,zstd-sys"
pkg:hex/ockam,hex,17,https://github.com/build-trust/ockam,Rustler,"aws-lc-fips-sys,aws-lc-sys,libdbus-sys,libmimalloc-sys,libsqlite3-sys,lz4-sys,onig,onig_sys,ring,zstd-sys"
pkg:hex/ockam_vault_software,hex,17,https://github.com/build-trust/ockam,Rustler,"aws-lc-fips-sys,aws-lc-sys,libdbus-sys,libmimalloc-sys,libsqlite3-sys,lz4-sys,onig,onig_sys,ring,zstd-sys"
pkg:hex/livebook,hex,13,https://github.com/livebook-dev/livebook,"","ring,vswhom-sys"
pkg:hex/fast_rss,hex,6,https://github.com/avencera/fast_rss,Rustler,rustler_sys
pkg:hex/wasmex,hex,6,https://github.com/tessi/wasmex,Rustler,"ittapi-sys,ring,zstd-sys"
pkg:hex/erbloom,hex,3,https://github.com/vonmo/erbloom,Rustler,rustler_sys
pkg:hex/rox,hex,3,https://github.com/urbint/rox,Rustler,"librocksdb-sys,rocksdb"
pkg:hex/dagger,hex,2,https://github.com/dagger/dagger,"",ring
pkg:hex/ex_robo_cop,hex,2,https://github.com/corneliakelinske/ex_robo_cop,Rustler,"lodepng,rustler_sys"
pkg:hex/loqui,hex,2,https://github.com/discord/loqui,"",backtrace-sys
pkg:hex/blake3,hex,1,https://github.com/thomas-jean/blake3,Rustler,"blake3,rustler_sys"
pkg:hex/bridge_lmdb,hex,1,https://github.com/ironbay/bridge_lmdb,Rustler,"liblmdb-sys,rustler_sys"
pkg:hex/erqwest,hex,1,https://github.com/dlesl/erqwest,"","openssl-sys,rustler_sys"
pkg:hex/ex_jack,hex,1,https://github.com/dulltools/ex_jack,Rustler,rustler_sys
pkg:hex/excoding,hex,1,https://github.com/elixir-ecto/excoding,Rustler,rustler_sys
pkg:hex/imageflow,hex,1,https://github.com/naps62/imageflow_ex,Rustler,"imagequant,imagequant-sys,lcms2-sys,libpng-sys,libwebp-sys,libz-sys,lodepng,mozjpeg-sys,rustler_sys"
pkg:hex/imago,hex,1,https://github.com/lucassifoni/imago,Rustler,backtrace-sys
pkg:hex/k256,hex,1,https://github.com/roosoft/k256,Rustler,rustler_sys
pkg:hex/multihash,hex,1,https://github.com/helium/erlang-multihash,"",rustler_sys
pkg:hex/netcdf,hex,1,https://github.com/dockyard/netcdf,Rustler,"curl-sys,hdf5-src,hdf5-sys,libz-sys,netcdf-src,netcdf-sys,openssl-src,openssl-sys,rustler_sys"
pkg:hex/pdf_to_text,hex,1,https://github.com/remoteoss/pdf_to_text,Rustler,rustler_sys
pkg:hex/phoenix_webcomponent,hex,1,https://github.com/duskmoon-dev/phoenix-duskmoon-ui,Rustler,blake3
pkg:hex/qrusty,hex,1,https://github.com/nbw/qrusty,Rustler,rustler_sys
pkg:hex/resvg,hex,1,https://github.com/mrdotb/resvg_nif,Rustler,rustler_sys
pkg:hex/rustler_elixir_fun,hex,1,https://github.com/qqwy/elixir-rustler_elixir_fun,Rustler,rustler_sys
pkg:hex/tds_encoding,hex,1,https://github.com/mjaric/tds-encoding,Rustler,rustler_sys
pkg:hex/tree_magic,hex,1,https://github.com/bonfire-networks/tree_magic.ex,Rustler,rustler_sys
pkg:hex/value,hex,1,https://github.com/team-softaliza/value,Rustler,rustler_sys
