repository_url,ecosystems,dependent_repos,has_rust,has_c,c_loc,cpp_loc,c_build_tools,brief_languages
https://github.com/browserify/resolve,npm,5229428,0,0,0,0,"","JavaScript,TypeScript"
https://github.com/inikulin/parse5,npm,3044435,0,0,0,0,"","TypeScript,Python,JavaScript"
https://github.com/nv/cssom,npm,2147832,0,0,0,0,"",JavaScript
https://github.com/eemeli/yaml,npm,1894156,0,1,25257,12709,"","C,TypeScript,Swift,Objective-C,JavaScript,Elixir,Java,Perl,Ruby,Python,C++,C#,Lua,Rust,OCaml,Haskell,Crystal,Go,Nim,PHP,Prolog,Scala,Zig"
https://github.com/xtuc/webassemblyjs,npm,1625157,0,1,16,0,"","JavaScript,C,TypeScript"
https://github.com/jsdom/jsdom,npm,1437647,0,0,100,0,"","JavaScript,Python,TypeScript"
https://github.com/handlebars-lang/handlebars.js,"npm,rubygems",1258975,0,0,0,0,"","JavaScript,TypeScript,Ruby"
https://github.com/ajv-validator/ajv-formats,npm,1124792,0,0,0,0,"","TypeScript,JavaScript"
https://github.com/mozilla/source-map,npm,1103771,1,0,0,0,"","JavaScript,Rust,TypeScript,Python"
https://github.com/sparklemotion/nokogiri,rubygems,1093699,0,1,40140,7100,"","Ruby,Java,C,C++,Python"
https://github.com/ajv-validator/ajv,npm,1087714,0,0,0,0,"","TypeScript,JavaScript"
https://github.com/ffi/ffi,rubygems,983191,0,1,47218,134,"","C,Ruby,Python,C++,Perl"
https://github.com/eps1lon/dom-accessibility-api,npm,935172,0,0,0,0,"","JavaScript,Python,TypeScript"
https://github.com/mcavage/node-assert-plus,npm,916223,0,1,79779,0,"","C,Python,JavaScript,Perl,Groovy"
https://github.com/tritondatacenter/node-http-signature,npm,905940,0,1,79779,0,"","C,JavaScript,Python,Emacs Lisp,Perl,Groovy"
https://github.com/mongodb/node-mongodb-native,npm,828772,0,1,0,0,"","JavaScript,TypeScript"
https://github.com/vuejs/vue-template-es2015-compiler,npm,708602,0,1,0,0,"",JavaScript
https://github.com/lautis/uglifier,rubygems,674411,0,0,0,0,"","JavaScript,Ruby"
https://github.com/numpy/numpy,"pypi,conda",487463,0,1,318732,62520,"CMake,Meson","C,Python,C++,JavaScript,Fortran,Rust,D,Swift,Java,Objective-C,C#,TypeScript,Verilog"
https://github.com/tmm1/http_parser.rb,rubygems,427811,0,1,466,0,"","Ruby,C,Java"
https://github.com/vuejs/vue-eslint-parser,npm,406807,0,0,0,0,"","TypeScript,JavaScript"
https://github.com/protobufjs/protobuf.js,npm,392989,0,0,0,0,"","JavaScript,TypeScript"
https://github.com/dcodeio/protobuf.js,npm,390845,0,0,0,0,"","JavaScript,TypeScript"
https://github.com/swc-project/swc,"npm,cargo",360974,1,1,0,0,"","JavaScript,TypeScript,Rust"
https://github.com/es-shims/iterator-helpers,npm,360050,0,0,0,0,"","JavaScript,Python"
https://github.com/joyent/node-asn1,npm,325120,0,0,0,0,"","JavaScript,Groovy"
https://github.com/jshint/jshint,npm,309320,0,0,0,0,"","JavaScript,Python"
https://github.com/firebase/firebase-js-sdk,npm,296309,0,1,0,0,"","TypeScript,JavaScript"
https://github.com/grpc/grpc-node,npm,291210,0,1,577,803,CMake,"TypeScript,C,C++,Java,Go,C#,JavaScript,PHP,Objective-C,Python,Ruby,Kotlin,Dart,Emacs Lisp,Swift"
https://github.com/editorconfig/editorconfig-core-js,npm,237057,0,0,0,0,"","TypeScript,JavaScript"
https://github.com/scipy/scipy,"pypi,conda",229003,0,1,264564,689846,"CMake,Meson","C++,Python,C,JavaScript,C#,Objective-C,Fortran,Julia,Solidity,Nix,Perl,R"
https://github.com/janl/mustache.js,npm,224460,0,1,0,0,"","JavaScript,TypeScript,Ruby"
https://github.com/software-mansion/react-native-screens,npm,195656,0,1,4725,2042,"","TypeScript,Kotlin,C,Objective-C,JavaScript,C++,Swift,Prolog,Ruby,Java"
https://github.com/sass/sassc-ruby,rubygems,170988,0,1,1298,30105,"","C++,Ruby,C,Perl"
https://github.com/expo/expo,npm,165704,0,1,75553,103441,"","TypeScript,Kotlin,JavaScript,Swift,C,Objective-C,Java,C++,Prolog,Ruby"
https://github.com/dominikh/go-tools,go,159437,0,0,0,0,"","Go,JavaScript,Emacs Lisp,Nix"
https://github.com/sebmarkbage/art,npm,152761,0,0,0,0,"",JavaScript
https://github.com/jquast/wcwidth,"pypi,conda",134173,0,0,0,0,"","Python,JavaScript"
https://github.com/cryptocoinjs/secp256k1-node,npm,105322,0,1,14945,476,"","C,JavaScript,Java,C++"
https://github.com/amvtek/eventsource,npm,102623,0,0,0,0,"","JavaScript,Python"
https://github.com/nodejs/undici,npm,98048,0,1,11053,0,"","JavaScript,Python,TypeScript,C"
https://github.com/parshap/node-sanitize-filename,npm,97772,0,1,0,0,"","JavaScript,TypeScript"
https://github.com/cryptocoinjs/keccak,npm,96892,0,1,33296,63,"","C,JavaScript,Python,C++,Rust"
https://github.com/parshap/utf8-byte-length,npm,96466,0,0,0,0,"",JavaScript
https://github.com/mattiasbuelens/web-streams-polyfill,npm,96457,0,0,100,0,"","JavaScript,Python,TypeScript"
https://github.com/parshap/truncate-utf8-bytes,npm,95666,0,0,0,0,"",JavaScript
https://github.com/ethereumjs/ethereumjs-monorepo,npm,94320,0,1,0,0,"","TypeScript,JavaScript,Python"
https://github.com/pytorch/pytorch,"pypi,conda",92053,0,1,316889,743933,CMake,"C,C++,Python,Objective-C,Java"
https://github.com/xunit/xunit,nuget,91829,0,0,0,0,"","C#,F#"
https://github.com/davidhalter/jedi,"pypi,conda",89812,0,1,13,0,"","Python,C"
https://github.com/python-pillow/pillow,"pypi,conda",88899,0,1,35324,0,CMake,"Python,C,GDScript,JavaScript"
https://github.com/unetworking/uwebsockets.js,npm,84585,0,1,8614,2880,"","C,C++,JavaScript,Prolog,TypeScript"
https://github.com/sinonjs/text-encoding,npm,84179,0,0,0,0,"",JavaScript
https://github.com/xunit/visualstudio.xunit,nuget,80985,0,0,0,0,"",C#
https://github.com/preactjs/preact,npm,78992,0,0,0,0,"","JavaScript,TypeScript"
https://github.com/tdegrunt/jsonschema,npm,77723,0,0,0,0,"","JavaScript,TypeScript"
https://github.com/cowboyd/libv8,rubygems,77428,0,1,0,0,"",Ruby
https://github.com/square/okhttp,maven,77217,0,0,0,0,"","Kotlin,Java,Prolog,Python"
https://github.com/hermit-os/hermit-rs,cargo,76231,1,0,0,0,"","Rust,Python"
https://github.com/aadsm/jschardet,npm,75483,0,0,0,0,"","Python,TypeScript,JavaScript"
https://github.com/chromedevtools/devtools-protocol,npm,70218,0,1,984,5968,"","C++,C,TypeScript,Python,JavaScript"
https://github.com/opencv/opencv-python,pypi,67670,0,1,516281,1365805,CMake,"C++,C,Python,Java,Common Lisp,Objective-C,JavaScript,Swift,Julia,C#,Prolog,Scala,Clojure,Kotlin,Perl"
https://github.com/open-telemetry/opentelemetry-js,npm,66556,0,1,0,0,"","TypeScript,JavaScript"
https://github.com/aio-libs/aiohttp,"pypi,conda",66431,0,1,10,0,"","Python,C"
https://github.com/jmespath/jmespath.py,pypi,63755,0,0,0,0,"",Python
https://github.com/babel/minify,npm,59576,0,1,0,0,"","JavaScript,PHP,Python"
https://github.com/bramstein/url-template,npm,58671,0,0,0,0,"","JavaScript,TypeScript"
https://github.com/grpc/grpc,"pypi,cocoapods,conda",55951,0,1,351614,448340,CMake,"Python,C,C++,PHP,Ruby,Objective-C,C#,JavaScript,Go,Swift,Java,Prolog"
https://github.com/inexorabletash/text-encoding,npm,54849,0,0,0,0,"",JavaScript
https://github.com/babel/babili,npm,53604,0,1,0,0,"","JavaScript,PHP,Python"
https://github.com/googleapis/google-cloud-python,pypi,52148,0,0,423,937,"",Python
https://github.com/flutter/plugins,pub,50091,0,1,4964,10619,CMake,"Dart,Java,C,Objective-C,C++,Swift,Ruby"
https://github.com/html5lib/html5lib-python,"pypi,conda",46793,0,0,0,0,"",Python
https://github.com/marcandre/backports,rubygems,43955,0,1,8661,0,"","Ruby,C"
https://github.com/joliss/jquery-ui-rails,rubygems,43038,0,0,0,0,"","JavaScript,Ruby"
https://github.com/scala/scala3,maven,42529,0,1,59,0,"","Scala,Java,JavaScript,Python,Nix,C,Perl"
https://github.com/cocoapods/cocoapods,rubygems,41701,0,1,1497,0,"","C,Ruby,Objective-C,Swift"
https://github.com/bumptech/glide,maven,41299,0,0,0,0,"","Java,Kotlin,Prolog"
https://github.com/protocolbuffers/protobuf,"rubygems,nuget,maven,cocoapods,conda",38630,1,1,216435,254149,CMake,"C,C++,Java,C#,PHP,Rust,Python,Objective-C,Ruby,Kotlin,Go,Swift,Dart,Lua,Emacs Lisp"
https://github.com/scikit-image/scikit-image,"pypi,conda",38464,0,1,1792,0,Meson,"Python,C,C++,JavaScript"
https://github.com/trevorrowe/jmespath.rb,rubygems,36181,0,0,0,0,"",Ruby
https://github.com/mongodb/mongo-go-driver,go,36142,0,1,491,0,"","Go,C,Perl"
https://github.com/dart-lang/shelf,pub,32439,0,0,0,0,"",Dart
https://github.com/cowboyd/less.rb,rubygems,29986,0,0,0,0,"",Ruby
https://github.com/cocoapods/molinillo,rubygems,29598,0,0,0,0,"",Ruby
https://github.com/cowboyd/commonjs.rb,rubygems,27252,0,0,0,0,"","JavaScript,Ruby,Python"
https://github.com/davidfstr/rdiscount,rubygems,27183,0,1,11373,0,"","C,Ruby,Perl"
https://github.com/mongodb/mongo-java-driver,maven,26545,0,0,0,0,"","Java,Groovy,Scala,Kotlin,Python"
https://github.com/gitpython-developers/gitdb,pypi,26388,0,0,0,0,"","Python,Prolog"
https://github.com/apache/arrow,"pypi,conda",23710,0,1,143388,528021,CMake,"C++,C,Ruby,Objective-C,Python,R,Lua,JavaScript"
https://github.com/lightstep/lightstep-tracer-go,go,20573,0,0,0,0,"",Go
https://github.com/mongodb/bson-ruby,rubygems,19387,0,1,1462,0,"","Ruby,C,Java"
https://github.com/mongodb/mongoid,rubygems,18121,0,0,0,0,"",Ruby
https://github.com/haskell/containers,hackage,17705,0,1,15,0,"","Haskell,Python,C,Perl"
https://github.com/gimli-rs/object,cargo,17527,1,1,65728,123,"","Rust,C,C++,Go,Python"
https://github.com/padrino/padrino-framework,rubygems,17456,0,0,0,0,"","Ruby,JavaScript"
https://github.com/gimli-rs/addr2line,cargo,17339,1,1,65627,102,"","Rust,C,C++,Go,Python"
https://github.com/alexhuszagh/minimal-lexical,cargo,17172,1,0,0,0,"","Rust,Go,Python"
https://github.com/getsentry/raven-go,go,17019,0,0,0,0,"",Go
https://github.com/test-kitchen/test-kitchen,rubygems,16281,0,0,0,0,"","Ruby,JavaScript"
https://github.com/rrweb-io/cssom,npm,16276,0,0,0,0,"",JavaScript
https://github.com/devinus/poison,hex,16084,0,0,0,0,"",Elixir
https://github.com/mongodb/mongo-ruby-driver,rubygems,15704,0,0,0,0,"",Ruby
https://github.com/magicstack/uvloop,pypi,15361,0,1,108,0,"","Python,C"
https://github.com/kozea/tinycss2,pypi,14844,0,0,0,0,"",Python
https://github.com/mysql/mysql-connector-python,pypi,14842,0,1,3577,776,"","Python,C,C++,JavaScript"
https://github.com/phpmd/phpmd,packagist,13853,0,0,0,0,"","PHP,JavaScript,Python"
https://github.com/python-poetry/tomlkit,pypi,13686,0,0,0,0,"","Python,Go"
https://github.com/chenzhuoyu/base64x,go,13609,0,1,430,0,"","Go,C,Python"
https://github.com/getsentry/sentry-python,pypi,13068,0,0,0,0,"",Python
https://github.com/dmlc/xgboost,pypi,12601,0,1,40207,51715,CMake,"C++,C,Python,Scala,R,Java,JavaScript"
https://github.com/puppetlabs/puppet,rubygems,12289,0,0,0,0,"","Ruby,C#"
https://github.com/hynek/argon2-cffi-bindings,pypi,11990,0,1,4802,0,CMake,"C,Python,Swift"
https://github.com/pytorch/audio,pypi,11395,0,1,1741,1063,"","Python,C,C++"
https://github.com/pytables/pytables,pypi,11004,0,1,94919,599,CMake,"C,Python,C#,Ada,C++"
https://github.com/gorakhargosh/pathtools,pypi,10687,0,0,0,0,"",Python
https://github.com/rust-lang/libz-sys,cargo,10491,1,1,59185,3712,CMake,"C,C++,C#,Ada,Rust"
https://github.com/gyscos/zstd-rs,cargo,10445,1,1,89437,2242,"","C,Rust,C++,Python,Lua,Swift"
https://github.com/pypa/pipenv,pypi,9816,0,1,9130,0,"","Python,C,JavaScript"
https://github.com/microsoft/onnxruntime,pypi,9609,1,1,368821,1956944,CMake,"C++,C,Python,TypeScript,C#,JavaScript,Java,Objective-C,Rust,Go,Kotlin,Prolog,Swift"
https://github.com/horejsek/python-fastjsonschema,pypi,9471,0,0,0,0,"",Python
https://github.com/mustache/mustache,rubygems,9411,0,0,0,0,"",Ruby
https://github.com/lightning-ai/lightning,pypi,9165,0,0,0,0,"","Python,JavaScript"
https://github.com/magicstack/httptools,pypi,9068,0,1,0,0,"",Python
https://github.com/getsentry/raven-python,pypi,8987,0,0,0,0,"",Python
https://github.com/gtk-rs/gtk3-rs,cargo,8833,1,1,4832,0,"","Rust,C"
https://github.com/redis/hiredis-py,pypi,8781,0,1,644,0,"","Python,C"
https://github.com/onnx/onnx,pypi,8716,0,1,10366,53108,CMake,"Python,C,C++,JavaScript"
https://github.com/crossbario/autobahn-python,pypi,8630,0,1,39191,55119,CMake,"Python,TypeScript,Rust,C,JavaScript,Java,Swift,C++,C#,Kotlin,Go,Lua,PHP,Nim,Dart,Perl"
https://github.com/googleapis/python-crc32c,pypi,8602,0,1,403,937,"","C++,C,Python"
https://github.com/facebook/socketrocket,cocoapods,8470,0,1,345,0,"","C,Objective-C,Ruby,Go,JavaScript,Python"
https://github.com/php-amqplib/php-amqplib,packagist,8356,0,0,0,0,"","PHP,JavaScript"
https://github.com/redis/hiredis-rb,rubygems,7651,0,1,505,0,"","Ruby,C"
https://github.com/pdepend/pdepend,packagist,7454,0,0,0,0,"",PHP
https://github.com/smithay/wayland-rs,cargo,7390,1,1,34,0,CMake,"Rust,C,Python"
https://github.com/libgdx/libgdx,maven,7298,0,1,202327,206312,CMake,"Java,C,C++,Python,Lua,JavaScript,Perl"
https://github.com/tafia/quick-xml,cargo,7278,1,0,0,0,"","Rust,Python"
https://github.com/explosion/cython-blis,pypi,7186,0,1,861391,0,"","C,Objective-C,Fortran,Python,Emacs Lisp"
https://github.com/lepture/python-livereload,pypi,7094,0,0,0,0,"","Python,JavaScript"
https://github.com/alexhuszagh/rust-lexical,cargo,7088,1,0,0,0,"","Rust,Python,Go"
https://github.com/executablebooks/sphinx-copybutton,pypi,6866,0,0,0,0,"","JavaScript,Python,TypeScript"
https://github.com/crossbario/txaio,pypi,6771,0,0,0,0,"",Python
https://github.com/rustcrypto/signatures,cargo,6597,1,0,0,0,"",Rust
https://github.com/python-hyper/brotlipy,"conda,pypi",6521,0,1,36514,2381,CMake,"C,Java,Python,C#,C++,Go,JavaScript,TypeScript,Kotlin"
https://github.com/aclysma/wepoll-ffi,cargo,6498,1,0,0,0,"",Rust
https://github.com/servo/html5ever,cargo,6458,1,0,0,0,"","Rust,Python"
https://github.com/davepacheco/node-extsprintf,npm,6246,0,0,0,0,"",JavaScript
https://github.com/gtk-rs/gtk-rs-core,cargo,6208,1,1,2804,0,"","Rust,C"
https://github.com/xunit/xunit.analyzers,nuget,6056,0,0,0,0,"",C#
https://github.com/magicstack/asyncpg,pypi,5961,0,1,2381,0,"","Python,C"
https://github.com/python-hyper/hyperframe,pypi,5928,0,0,0,0,"",Python
https://github.com/spring-cloud/spring-cloud-build,maven,5848,0,0,0,0,"",Java
https://github.com/mizzy/specinfra,rubygems,5836,0,0,0,0,"",Ruby
https://github.com/ansible/ansible-lint,pypi,5822,0,0,0,0,"","Python,TypeScript,JavaScript"
https://github.com/arekinath/node-getpass,npm,5797,0,0,0,0,"",JavaScript
https://github.com/shepmaster/twox-hash,cargo,5753,1,1,55150,35,CMake,"C,Rust,C++,JavaScript,R"
https://github.com/plotters-rs/plotters,cargo,5658,1,0,0,0,"",Rust
https://github.com/lightgbm-org/lightgbm,pypi,5625,0,1,237465,187962,CMake,"C++,C,Python,R,Fortran,Common Lisp,JavaScript"
https://github.com/python-jsonschema/referencing,pypi,5498,0,0,0,0,"",Python
https://github.com/bastibe/python-soundfile,pypi,5341,0,0,0,0,"",Python
https://github.com/bobthecow/mustache.php,packagist,5333,0,0,0,0,"",PHP
https://github.com/voxpupuli/json-schema,rubygems,5294,0,0,0,0,"",Ruby
https://github.com/mlflow/mlflow,pypi,5089,0,0,0,0,"","Python,TypeScript,JavaScript,R,Java,Scala"
https://github.com/ernie/meta_search,rubygems,5082,0,0,0,0,"",Ruby
https://github.com/joyent/node-jsprim,npm,5049,0,0,0,0,"",JavaScript
https://github.com/mozilla/rhino,maven,5043,0,0,0,0,"","JavaScript,Java,TypeScript,Kotlin,Python"
https://github.com/brendanzab/gl-rs,cargo,4880,1,1,170487,559399,"","C,C++,JavaScript,Python,Objective-C,Rust,PHP,Java,Perl,Tcl"
https://github.com/mongodb/mongo-php-library,packagist,4791,0,0,0,0,"","PHP,Python,TypeScript"
https://github.com/vmg/rinku,rubygems,4700,0,1,1036,0,"","C,Ruby"
https://github.com/mitchellh/vagrant,rubygems,4575,0,1,34,0,"","Ruby,Go,C,Emacs Lisp"
https://github.com/ash-rs/ash,cargo,4568,1,0,0,0,"",Rust
https://github.com/ekmett/lens,hackage,4552,0,1,20,0,"","Haskell,C"
https://github.com/tauri-apps/javascriptcore-rs,cargo,4532,1,1,86,0,"","Rust,C,Python"
https://github.com/tauri-apps/webkit2gtk-rs,cargo,4531,1,1,397,0,"","Rust,C,Python"
https://github.com/rust-lang/git2-rs,cargo,4507,1,1,273511,0,CMake,"C,Rust,PHP,JavaScript,Python"
https://github.com/tauri-apps/tao,cargo,4504,1,0,0,0,"",Rust
https://github.com/scikit-build/ninja-python-distributions,pypi,4432,0,1,1998,19587,CMake,"C++,C,Python"
https://github.com/quick/quick,"cocoapods,swiftpm",4383,0,1,482,0,"","Swift,Objective-C,JavaScript,C,Ruby"
https://github.com/fbernier/tomlrb,rubygems,4344,0,0,0,0,"","Ruby,Go,Python"
https://github.com/cotag/http-parser,rubygems,4267,0,1,6278,0,"","Ruby,C"
https://github.com/plamere/spotipy,pypi,4222,0,0,0,0,"",Python
https://github.com/awslabs/aws-crt-php,packagist,4154,0,1,2861,0,CMake,"PHP,C,Python,Rust"
https://github.com/bytecodealliance/wasm-tools,cargo,4149,1,1,322,0,"","Rust,TypeScript,C,Python"
https://github.com/joyent/node-sshpk,npm,4144,0,1,79779,0,"","C,JavaScript,Python,Perl,Groovy"
https://github.com/ruby-amqp/amq-protocol,rubygems,4110,0,0,0,0,"","Ruby,Python"
https://github.com/bitshifter/glam-rs,cargo,4083,1,0,0,0,"",Rust
https://github.com/getmoto/moto,pypi,4070,0,1,0,116,"","Python,Java,JavaScript,C#,Go,Ruby,C++,Scala"
https://github.com/joyent/node-verror,npm,4047,0,0,0,0,"",JavaScript
https://github.com/google/xi-editor,cargo,3990,1,1,304,2299,"","Rust,Python,C#,JavaScript,Objective-C,C++,C,Clojure,Groovy,Lua,Ruby,Common Lisp,D,Erlang,Go,Haskell,Java,OCaml,Perl,PHP,R,Scala,Tcl"
https://github.com/libgit2/rugged,rubygems,3816,0,1,8912,0,"","Ruby,C"
https://github.com/py-pdf/pypdf,pypi,3809,0,0,0,0,"",Python
https://github.com/duckdb/duckdb-python,pypi,3752,0,1,0,16470,CMake,"Python,C++"
https://github.com/deepspeedai/deepspeed,pypi,3724,0,1,20879,10268,"","Python,C,C++"
https://github.com/philss/floki,hex,3689,0,0,0,0,"","Elixir,Erlang"
https://github.com/openssl/openssl,conda,3674,0,1,1193193,8089,"","C,Perl,Rust,Emacs Lisp"
https://github.com/alexcrichton/openssl-src-rs,cargo,3600,1,1,670504,0,"","C,Perl,Python,Rust,Emacs Lisp,Prolog,Ruby"
https://github.com/pennydreadfulmtg/pystache,pypi,3500,0,0,0,0,"",Python
https://github.com/alexcrichton/curl-rust,cargo,3441,1,1,198984,196,CMake,"C,Perl,Python,Rust,C++,Emacs Lisp"
https://github.com/bytecodealliance/wasmtime,cargo,3431,1,1,5595,10862,CMake,"Rust,C,C++,Python,TypeScript,JavaScript,Nix,OCaml"
https://github.com/nipy/nibabel,pypi,3394,0,0,0,0,"","Python,Prolog,Verilog,Objective-C"
https://github.com/paritytech/parity-wasm,cargo,3388,1,0,0,0,"",Rust
https://github.com/phusion/passenger,rubygems,3332,0,1,88340,600455,"","C++,C,Ruby,JavaScript,Python"
https://github.com/ifduyue/python-xxhash,pypi,3258,0,1,57396,35,CMake,"C,Python,C++"
https://github.com/avakar/pytoml,pypi,3240,0,0,0,0,"","Python,Go"
https://github.com/chronotope/chrono-tz,cargo,3186,1,1,7860,0,"","Rust,C"
https://github.com/webpack/webpack,npm,3177,0,1,100,14,"","JavaScript,TypeScript,C++"
https://github.com/alexcrichton/brotli2-rs,cargo,3132,1,1,28619,981,CMake,"C,Java,Rust,Python,C++,Go,Lua"
https://github.com/gfx-rs/rspirv,cargo,3131,1,0,0,0,"",Rust
https://github.com/rustcrypto/rsa,cargo,3083,1,0,0,0,"",Rust
https://github.com/katyo/oboe-rs,cargo,3020,1,1,9634,12543,CMake,"C,C++,Java,Rust,Kotlin,Prolog,Nix,Python"
https://github.com/pytorch/text,pypi,2976,0,1,450,2155,CMake,"Python,C++,C"
https://github.com/mtsmfm/language_server-protocol-ruby,rubygems,2897,0,0,0,0,"","Ruby,JavaScript,TypeScript"
https://github.com/alexcrichton/ssh2-rs,cargo,2888,1,1,46375,118,CMake,"C,Rust,C++,Perl,Emacs Lisp"
https://github.com/bcmyers/num-format,cargo,2885,1,1,1,0,"","Rust,C,Python"
https://github.com/mit-plv/fiat-crypto,cargo,2762,1,1,219451,259,"","Verilog,C,Zig,Rust,Go,Python,Java,OCaml,JavaScript,C++,Haskell"
https://github.com/csparpa/pyowm,pypi,2735,0,0,0,0,"",Python
https://github.com/rapidfuzz/rapidfuzz,pypi,2672,0,1,220243,279112,CMake,"C++,C,Python,Fortran,JavaScript,Objective-C,Common Lisp"
https://github.com/wasmi-labs/wasmi,cargo,2634,1,1,549,0,"","Rust,C,Python"
https://github.com/open-i18n/rust-unic,cargo,2619,1,0,0,0,"",Rust
https://github.com/saghul/pycares,pypi,2612,0,1,32255,12192,CMake,"C,C++,Python"
https://github.com/google/grpc,rubygems,2596,0,1,351614,448340,CMake,"Python,C,C++,PHP,Ruby,Objective-C,C#,JavaScript,Go,Swift,Java,Prolog"
https://github.com/kornelski/deunicode,cargo,2582,1,0,0,0,"","Ruby,Rust"
https://github.com/pyyoshi/cchardet,pypi,2578,0,1,1321,10528,CMake,"Python,C++,C"
https://github.com/kozea/cairosvg,pypi,2524,0,0,0,0,"","Python,JavaScript"
https://github.com/sass/libsass-python,pypi,2445,0,1,1918,30193,"","C++,C,Python,Perl"
https://github.com/rust-rocksdb/rust-rocksdb,cargo,2430,1,1,123232,493474,CMake,"C++,C,Java,Rust,Python"
https://github.com/ua-parser/uap-python,pypi,2410,1,0,0,0,"","Python,JavaScript,Perl,Rust"
https://github.com/10xgenomics/lz4-rs,cargo,2386,1,1,19131,173,"","C,Rust,Python,C++"
https://github.com/paritytech/wasmi,cargo,2379,1,1,549,0,"","Rust,C,Python"
https://github.com/maxmind/maxmind-db-reader-php,packagist,2348,0,1,6999,0,CMake,"C,PHP,Go,Perl"
https://github.com/spatialaudio/python-sounddevice,pypi,2337,0,0,0,0,"",Python
https://github.com/sgrif/pq-sys,cargo,2331,1,1,1058063,915,"","C,Perl,Rust,Prolog,Python,C++,D,Emacs Lisp"
https://gitlab.com/gilrs-project/gilrs,cargo,2326,1,0,0,0,"","Rust,Python"
https://github.com/chef/ffi-yajl,rubygems,2315,0,1,528,0,"","Ruby,C"
https://github.com/maxmind/geoip2-php,packagist,2286,0,0,0,0,"","PHP,Go"
https://github.com/mayeut/pybase64,pypi,2280,0,1,2811,0,CMake,"C,Python"
https://github.com/chef/libyajl2-gem,rubygems,2265,0,1,0,0,"",Ruby
https://github.com/googleapis/common-protos-ruby,rubygems,2261,0,0,0,0,"",Ruby
https://github.com/paddlepaddle/paddle,pypi,2208,0,1,434563,784059,CMake,"C,C++,Python,Go,Java"
https://github.com/open-telemetry/opentelemetry-rust,cargo,2155,1,0,0,0,"",Rust
https://github.com/tikv/jemallocator,cargo,2139,1,1,72413,752,"","C,Rust,C++,Python"
https://github.com/pyenchant/pyenchant,pypi,2133,0,0,0,0,"",Python
https://github.com/haskell/criterion,hackage,2126,0,1,159,0,"","Haskell,C,JavaScript"
https://github.com/readthedocs/sphinx-notfound-page,pypi,2122,0,0,0,0,"",Python
https://github.com/pistondevelopers/freetype-sys,cargo,2114,1,1,193148,156,CMake,"C,Python,Rust,C++,JavaScript,Perl"
https://github.com/rustsec/rustsec,cargo,2113,1,0,0,0,"","Rust,Python,JavaScript"
https://github.com/purpleprotocol/mimalloc_rust,cargo,2085,1,1,33807,1166,CMake,"JavaScript,C,Rust,C++"
https://github.com/jax-ml/ml_dtypes,pypi,2044,0,1,3087,4288,CMake,"Python,C,C++"
https://github.com/snoyberg/yaml,hackage,2037,0,1,184,0,"","Haskell,C"
https://github.com/googlecloudplatform/google-cloud-python,pypi,1999,0,0,423,937,"",Python
https://github.com/lark-parser/lark,pypi,1968,0,0,0,0,"","Python,JavaScript,TypeScript"
https://github.com/rollbar/rollbar-gem,rubygems,1940,0,0,0,0,"","JavaScript,Ruby,TypeScript"
https://github.com/ryanmcgrath/twython,pypi,1924,0,0,0,0,"","Python,JavaScript"
https://github.com/icrar/ijson,pypi,1867,0,1,6289,0,CMake,"C,Python"
https://github.com/aldanor/qoi-rust,cargo,1855,1,1,850,0,"","Rust,C"
https://github.com/hannesg/uri_template,rubygems,1845,0,0,0,0,"",Ruby
https://github.com/diwic/dbus-rs,cargo,1840,1,0,0,0,"",Rust
https://github.com/nov/json-jwt,rubygems,1829,0,0,0,0,"","Ruby,Java"
https://github.com/hajimes/mmh3,pypi,1823,0,1,2505,0,"","C++,C,Python"
https://github.com/maxmind/geoip2-python,pypi,1817,0,0,0,0,"","Python,Go"
https://github.com/askama-rs/askama,cargo,1811,1,0,0,0,"",Rust
https://github.com/milvus-io/pymilvus,pypi,1803,0,0,0,0,"","Python,Go"
https://github.com/dropbox/dropbox-sdk-python,pypi,1792,0,0,0,0,"",Python
https://github.com/neo4j/neo4j-python-driver,pypi,1776,0,0,0,0,"","Python,JavaScript"
https://github.com/maxmind/maxmind-db-reader-python,pypi,1769,0,1,7500,0,CMake,"C,Python,Go,Perl"
https://github.com/hoodie/notify-rust,cargo,1768,1,0,0,0,"",Rust
https://github.com/lextudio/pysnmp,pypi,1733,0,0,0,0,"","Python,JavaScript"
https://github.com/mozillazg/python-pinyin,pypi,1726,0,0,0,0,"",Python
https://github.com/inukshuk/csl-styles,rubygems,1725,0,0,0,0,"",Ruby
https://github.com/alexcrichton/nghttp2-rs,cargo,1720,1,1,54830,49836,CMake,"C,C++,Python,Go,Rust,Ruby"
https://github.com/apache/incubator-mxnet,pypi,1714,0,1,270940,759193,CMake,"C++,Python,C,Rust,Common Lisp,Java,Go,JavaScript,Objective-C,TypeScript,Groovy,Lua,Ruby,Scala"
https://github.com/abetlen/llama-cpp-python,pypi,1685,0,0,0,0,"",Python
https://github.com/line/line-bot-sdk-python,pypi,1664,0,0,0,0,"","Python,Java"
https://github.com/py-pdf/pypdf2,pypi,1626,0,0,0,0,"",Python
https://github.com/defunkt/version_sorter,rubygems,1621,0,1,248,0,"","Ruby,C"
https://github.com/github-linguist/linguist,rubygems,1611,1,1,31021,10484,CMake,"Objective-C,C,Ruby,Swift,Verilog,Perl,JavaScript,C++,Go,PHP,D,F#,Prolog,TypeScript,Java,Scheme,C#,Elixir,Common Lisp,Fortran,OCaml,GDScript,Solidity,Dart,Haskell,Python,Rust,Roc,Crystal,Elm,Mojo,Zig,Nim,COBOL,Emacs Lisp,Erlang,Gleam,Groovy,Lua,Odin,Clojure,Julia,Kotlin,Nix,R,VHDL"
https://gitlab.com/bzip2/bzip2,conda,1559,0,1,5861,0,"CMake,Meson","C,Python,Perl"
https://github.com/realm/jazzy,rubygems,1555,0,1,3020,0,"","Swift,JavaScript,C,Ruby,Objective-C"
https://github.com/scrapinghub/python-crfsuite,pypi,1548,0,1,11339,14921,"","C,Python,C++,Ruby,Perl"
https://github.com/trevors/bootstrap3-datetimepicker-rails,rubygems,1536,0,0,0,0,"","JavaScript,Ruby"
https://github.com/googlecloudplatform/gcloud-python,pypi,1523,0,0,423,937,"",Python
https://github.com/madsmtm/objc2,cargo,1472,1,1,152,0,"","Rust,C,Objective-C"
https://github.com/ethereum/eth-keyfile,pypi,1441,0,0,0,0,"","JavaScript,Python"
https://github.com/python-hyper/brotlicffi,pypi,1431,0,1,36514,2381,CMake,"C,Java,Python,C#,C++,Go,JavaScript,TypeScript,Kotlin"
https://github.com/jarib/celerity,rubygems,1415,0,0,0,0,"",Ruby
https://github.com/python-babel/flask-babel,pypi,1388,0,0,0,0,"",Python
https://github.com/unidata/netcdf4-python,"conda,pypi",1377,0,1,201,0,"","Python,C"
https://github.com/tenderlove/hana,rubygems,1358,0,0,0,0,"",Ruby
https://github.com/oaubert/python-vlc,pypi,1331,0,1,375,0,"","Python,C,Java"
https://github.com/iwillspeak/rust-onig,cargo,1328,1,1,91336,21,"","C,Rust,Python,C++"
https://github.com/danielkeep/rust-custom-derive,cargo,1312,1,0,0,0,"","Rust,Python"
https://github.com/rust-onig/rust-onig,cargo,1312,1,1,91336,21,"","C,Rust,Python,C++"
https://github.com/alexcrichton/xz2-rs,cargo,1291,1,1,24631,0,CMake,"C,Rust"
https://github.com/codykrieger/ace-rails-ap,rubygems,1286,0,1,0,34,"","JavaScript,Ruby,TypeScript,PHP,Haskell,Clojure,Common Lisp,C++,Crystal,C#,D,Dart,Elixir,Elm,Erlang,Fortran,Go,Groovy,Haxe,Java,Julia,Kotlin,Lua,Nim,Nix,Objective-C,OCaml,Perl,Python,Rust,Scala,Scheme,Swift,Tcl,Verilog,VHDL"
https://github.com/zarr-developers/numcodecs,pypi,1258,0,1,90388,599,"CMake,Meson","C,Python,C#,Ada,C++"
https://github.com/fonttools/pyclipper,pypi,1256,0,1,0,4101,"","C++,Python"
https://github.com/holoviz/param,pypi,1246,0,0,0,0,"",Python
https://github.com/aws/aws-cdk,pypi,1219,0,1,0,0,"","TypeScript,JavaScript,Python,Go"
https://github.com/ruby/curses,rubygems,1191,0,1,3913,0,"","Ruby,C"
https://github.com/cotes2020/jekyll-theme-chirpy,rubygems,1186,0,0,0,0,"","JavaScript,Ruby"
https://github.com/cedarcode/cose-ruby,rubygems,1153,0,0,0,0,"",Ruby
https://github.com/opal/opal,rubygems,1133,0,1,431861,1158,"","Ruby,C,Python,JavaScript,Perl,Scheme,C++,Emacs Lisp,D,Prolog"
https://github.com/graysonwright/datetime_picker_rails,rubygems,1127,0,0,0,0,"","JavaScript,Ruby"
https://github.com/jonhoo/inferno,cargo,1127,1,0,0,0,"","Rust,Perl,D,JavaScript,PHP,Python"
https://github.com/rust-sdl2/rust-sdl2,cargo,1112,1,1,330778,8941,CMake,"C,Rust,C++,Objective-C,Java,Perl,Python,JavaScript,Prolog,Swift"
https://github.com/anjlab/bootstrap-rails,rubygems,1105,0,0,0,0,"","JavaScript,Ruby"
https://github.com/jakevdp/mpld3,pypi,1100,0,0,0,0,"","Python,JavaScript"
https://github.com/liberfa/pyerfa,pypi,1071,0,1,522,0,"","C,Python"
https://github.com/danielkeep/rust-boolinator,cargo,1063,1,0,0,0,"","Python,Rust"
https://github.com/facebookresearch/xformers,pypi,1063,0,1,1421,35,"","Python,C,C++"
https://github.com/rusoto/rusoto,cargo,1063,1,0,0,0,"","Rust,Python,JavaScript"
https://github.com/sergey-dryabzhinsky/python-zstd,pypi,1060,0,1,90784,2242,"","C,Python,C++,Lua,Swift"
https://github.com/googlecloudplatform/grpc-gcp-php,packagist,1049,0,0,0,0,"",PHP
https://github.com/ahorek/terser-ruby,rubygems,1043,0,0,0,0,"","Ruby,JavaScript"
https://github.com/litl/rauth,pypi,1039,0,0,0,0,"",Python
https://github.com/otter-sec/anchor,cargo,1039,1,0,0,0,"","Rust,TypeScript,JavaScript"
https://github.com/censoredusername/dynasm-rs,cargo,1034,1,1,436,0,"","Rust,Python,C,JavaScript"
https://github.com/python-lml/lml,pypi,1026,0,0,0,0,"",Python
https://github.com/maxim/bootswatch-rails,rubygems,1019,0,0,0,0,"","JavaScript,Ruby"
https://github.com/python-rapidjson/python-rapidjson,pypi,1019,0,1,13221,20048,CMake,"C++,C,Python,Emacs Lisp,JavaScript"
https://github.com/coral-xyz/anchor,cargo,1017,1,0,0,0,"","Rust,TypeScript,JavaScript"
https://github.com/nical/lyon,cargo,1017,1,0,0,0,"",Rust
https://github.com/osqp/osqp-python,pypi,1017,0,1,23,0,CMake,"Python,C"
https://github.com/solana-foundation/anchor,cargo,1017,1,0,0,0,"","Rust,TypeScript,JavaScript"
https://github.com/emcconville/wand,pypi,1011,0,0,0,0,"",Python
https://github.com/getsentry/sentry-rust,cargo,1002,1,0,0,0,"","Rust,Python"
https://github.com/germangb/minimp3-rs,cargo,979,1,1,124794,653,"","C,Rust,C++"
https://github.com/jeremycchsu/python-wrapper-for-world-vocoder,pypi,957,0,1,0,0,"","C++,C,Python"
https://github.com/riverrun/argon2_elixir,hex,948,0,1,3524,0,"","C,Elixir,Swift"
https://github.com/ruabmbua/hidapi-rs,cargo,943,1,1,7602,408,"","Rust,C,C++,Objective-C"
https://github.com/webrtc-rs/webrtc,cargo,939,1,0,0,0,"","Rust,JavaScript,Python"
https://github.com/jaegertracing/jaeger-client-python,pypi,926,0,0,0,0,"",Python
https://github.com/trishume/syntect,cargo,920,1,0,0,0,"",Rust
https://github.com/bryant/argon2rs,cargo,864,1,0,0,0,"",Rust
https://github.com/brianloveswords/python-jws,pypi,861,0,0,0,0,"",Python
https://github.com/sodiumoxide/sodiumoxide,cargo,856,1,1,45236,0,CMake,"C,Rust,C#,Python"
https://github.com/kana/vim-flavor,rubygems,852,0,0,0,0,"",Ruby
https://github.com/yannickjadoul/parselmouth,pypi,850,0,1,291406,268191,CMake,"C,C++,Python,JavaScript,R"
https://github.com/akihikodaki/cld3-ruby,rubygems,841,0,1,5287,63564,CMake,"C,C++,Ruby,Python"
https://github.com/dofuuz/python-soxr,pypi,833,0,1,10641,328,CMake,"C,Python,C++"
https://github.com/rapid7/recog-ruby,rubygems,829,0,0,0,0,"","Ruby,Python"
https://github.com/miyucy/snappy,rubygems,809,0,1,93,0,"","Ruby,Java,C"
https://github.com/salemove/jaeger-client-ruby,rubygems,798,0,0,0,0,"",Ruby
https://github.com/matschaffer/knife-solo,rubygems,791,0,0,0,0,"",Ruby
https://github.com/line/line-bot-sdk-ruby,rubygems,788,0,0,0,0,"","Ruby,Java,Python"
https://github.com/bodono/scs-python,pypi,787,0,1,19794,1,"CMake,Meson","C,Python,C++,Objective-C"
https://github.com/geventhttpclient/geventhttpclient,pypi,783,0,1,16472,0,"","Python,C"
https://github.com/igraph/python-igraph,pypi,770,0,1,25181,0,"","Python,C,C++"
https://github.com/slack-ruby/slack-ruby-client,rubygems,768,0,0,0,0,"",Ruby
https://github.com/prefecthq/prefect,pypi,767,0,0,0,0,"","Python,TypeScript,JavaScript"
https://github.com/pytorch/fairseq,pypi,759,0,1,28,794,"","Python,C++,C,Lua"
https://github.com/apache/arrow-rs,cargo,757,1,0,0,0,"","Rust,Python"
https://github.com/dmlc/decord,pypi,755,0,1,15381,10276,CMake,"C,C++,Python,Java"
https://github.com/slyphon/zookeeper,rubygems,744,0,1,2356,0,"","Ruby,C"
https://github.com/fantasticfears/cppjieba_rb,rubygems,742,0,1,8,2729,"","C++,Ruby,C"
https://github.com/discourse/mini_suffix,rubygems,735,0,1,2424,0,"","C,Ruby,Python,Emacs Lisp"
https://github.com/oxfordcontrol/qdldl-python,pypi,734,0,1,2885,229,"","C,Python,C++"
https://github.com/wasmerio/wasmer,cargo,730,1,1,31848,34132,CMake,"Rust,C,C++,JavaScript,Python,Swift,Nix,PHP"
https://github.com/home-assistant/frontend,pypi,726,0,1,0,0,"","TypeScript,JavaScript,Python"
https://github.com/socketry/http-hpack,rubygems,715,0,0,0,0,"","Ruby,Python"
https://github.com/stlehmann/pyads,pypi,714,0,1,2970,6980,"","C,Python,C++"
https://github.com/lu-zero/autotools-rs,cargo,699,1,1,68475,0,"","C,Rust,Python"
https://github.com/scikit-fuzzy/scikit-fuzzy,pypi,699,0,0,0,0,"","Python,JavaScript"
https://github.com/dropbox/sqlalchemy-stubs,pypi,695,0,0,0,0,"",Python
https://github.com/async-graphql/async-graphql,cargo,694,1,0,0,0,"",Rust
https://github.com/grovesnl/spirv_cross,cargo,686,1,1,0,699,"","Rust,C++,Common Lisp,JavaScript"
https://github.com/gjtorikian/mathematical,rubygems,685,0,1,41738,17,CMake,"C,Ruby,JavaScript,Python,C++"
https://github.com/noahmorrison/chevron,pypi,681,0,0,0,0,"",Python
https://github.com/fonttools/py-zopfli,pypi,667,0,1,3825,6946,"","C,Python,C++,Go"
https://github.com/lo48576/iri-string,cargo,663,1,0,0,0,"",Rust
https://github.com/blosc/python-blosc,pypi,662,0,1,90853,599,CMake,"C,C#,Python,Ada,C++"
https://github.com/technion/ruby-argon2,rubygems,647,0,1,3577,0,"","Ruby,C,Swift"
https://github.com/jpvanhal/flask-basicauth,pypi,643,0,0,0,0,"",Python
https://github.com/onnx/optimizer,pypi,643,0,1,4711,899,CMake,"C,C++,Python"
https://github.com/methodmissing/rbczmq,rubygems,641,0,1,3083,0,"","Ruby,C"
https://github.com/sphinx-contrib/openapi,pypi,641,0,0,0,0,"",Python
https://github.com/rust-fuzz/honggfuzz-rs,cargo,625,1,1,17219,0,"","C,Python,Rust,Nix"
https://github.com/paddor/czmq-ffi-gen,rubygems,624,0,0,0,0,"",Ruby
https://github.com/facebookexperimental/mirai,cargo,619,1,1,773,68,CMake,"Rust,C,Python,C++,Ruby,Nix,Perl"
https://github.com/aldanor/fast-float-rust,cargo,608,1,1,5902,2897,"","Rust,C,C++"
https://github.com/brson/wasm-opt-rs,cargo,607,1,1,38693,95051,"","C++,C,JavaScript,Python,Rust"
https://github.com/google/pytype,pypi,605,0,1,29073,50178,CMake,"Python,C++,C,JavaScript"
https://github.com/zephyrproject-rtos/windows-curses,pypi,595,0,1,86708,0,"","C,Python"
https://github.com/inukshuk/wapiti-ruby,rubygems,590,0,1,4969,0,"","C,Ruby"
https://github.com/noxf/libwebp-sys,cargo,585,1,1,5,0,"","Rust,C"
https://github.com/rusty1s/pytorch_sparse,pypi,579,0,1,387,2057,CMake,"Python,C++,C"
https://github.com/jorgecarleitao/parquet2,cargo,557,1,0,0,0,"","Rust,Python"
https://github.com/astropy/astroquery,pypi,556,0,0,0,0,"",Python
https://gitlab.com/graphviz/graphviz,conda,551,0,1,341745,14220,"Autotools,CMake","C,Python,C++,Tcl,Java,Objective-C,Perl,Ruby,Lua,JavaScript,PHP,C#,D,Go"
https://github.com/aquynh/capstone,pypi,550,0,1,131467,349,CMake,"C#,C,Python,OCaml,Java,C++,Ruby"
https://github.com/wezterm/wezterm,cargo,547,1,1,390206,121038,CMake,"C,Rust,C++,Python,C#,Ada,Nix,JavaScript,Perl"
https://github.com/inducer/pycuda,pypi,544,0,1,96,223251,Autotools,"C++,Python,C,Perl"
https://github.com/timmyomahony/django-pagedown,pypi,543,0,0,0,0,"","Python,JavaScript"
https://github.com/kivikakk/comrak,cargo,541,1,0,0,0,"","Rust,Nix"
https://gitlab.com/gitlab-org/ruby/gems/tanuki_emoji,rubygems,541,0,0,0,0,"",Ruby
https://github.com/gtk-rs/gtk4-rs,cargo,532,1,1,4406,0,"","Rust,C,JavaScript"
https://github.com/jxtech/wechatpy,pypi,529,0,0,0,0,"","Python,JavaScript"
https://github.com/hyperledger-solang/solang,cargo,515,1,1,2172,18,"","Solidity,Rust,TypeScript,JavaScript,C,C++,Python"
https://github.com/jfirebaugh/konacha,rubygems,509,0,0,0,0,"","Ruby,JavaScript"
https://github.com/rapidfuzz/levenshtein,pypi,504,0,1,0,31626,CMake,"C++,Python"
https://github.com/trezor/cython-hidapi,pypi,500,0,1,2240,408,"","C,Python,C++,Objective-C"
https://github.com/openvinotoolkit/openvino,pypi,498,0,1,54003,1610518,CMake,"C++,Python,C,JavaScript,TypeScript,C#,Groovy"
https://github.com/nvidia/tensorrt,pypi,496,0,1,37602,2986662,CMake,"Python,C++,C"
https://github.com/aler/therubyracer-heroku,rubygems,495,0,1,40356,375063,"","JavaScript,C++,C,Python,Ruby,Scheme"
https://github.com/cupy/cupy,pypi,495,0,1,14552,0,"","Python,C"
https://github.com/jorgecarleitao/arrow2,cargo,495,1,0,0,0,"","Rust,Python"
https://github.com/google/shaderc-rs,cargo,487,1,0,0,0,"",Rust
https://github.com/mitsuhiko/flask-openid,pypi,485,0,0,0,0,"",Python
https://github.com/mariadb-corporation/mariadb-connector-python,pypi,484,0,1,5120,0,"","Python,C"
https://github.com/viblo/pymunk,pypi,471,0,1,31203,0,CMake,"Python,C,Objective-C,JavaScript,Ruby"
https://github.com/cyberdelia/flask-mysql,pypi,461,0,0,0,0,"",Python
https://github.com/vatlab/sos,pypi,461,0,0,0,0,"","Python,R,JavaScript"
https://github.com/fonttools/unicodedata2,pypi,459,0,1,54581,0,"","C,Python"
https://github.com/materialsproject/pymatgen,pypi,458,0,1,2387,0,"","Python,JavaScript,C"
https://github.com/fede1024/rust-rdkafka,cargo,457,1,1,149345,10767,CMake,"C,C++,Rust,Python,Java,Emacs Lisp"
https://github.com/boostorg/boost,conda,456,0,1,91008,4597796,CMake,"C++,C,Python,Perl,Common Lisp,D"
https://github.com/stereobooster/jshintrb,rubygems,450,0,0,0,0,"","Ruby,JavaScript"
https://github.com/sidewalklabs/s2sphere,pypi,449,0,1,7369,13639,"","C,C++,Python"
https://github.com/nghttp2/nghttp2,conda,447,0,1,145820,50811,"Autotools,CMake","C,Ruby,C++,Python,Go,Emacs Lisp"
https://github.com/denoland/rusty_v8,cargo,445,1,1,513212,1666489,"","JavaScript,C,C++,Python,Rust,TypeScript,Objective-C"
https://github.com/paddlepaddle/paddlenlp,pypi,438,0,1,15201,13977,"","Python,C++,C"
https://github.com/marshalx/tgcalls,pypi,434,0,1,461,1877,CMake,"Python,C,C++"
https://github.com/ronnypfannschmidt/prance,pypi,434,0,0,0,0,"","Python,JavaScript"
https://github.com/vespa-engine/pyvespa,pypi,434,0,0,0,0,"","Python,JavaScript,Ruby"
https://github.com/pablocfonseca/streamlit-aggrid,pypi,432,0,1,0,0,"","Python,JavaScript,TypeScript"
https://github.com/a1ien/rusb,cargo,428,1,1,24919,1568,"","C,Rust,C++,JavaScript"
https://github.com/wxwidgets/phoenix,pypi,428,0,1,240545,662214,"","C,Python,C++,Objective-C,Lua,JavaScript,Perl"
https://github.com/unicorn-engine/unicorn,pypi,424,1,1,130423,298,CMake,"C,Python,Java,Go,Ruby,F#,Rust,Zig,Haskell,C#,C++"
https://github.com/platformio/platformio-core,pypi,423,0,1,632,637,"","Python,C,C++,JavaScript"
https://github.com/snowflakedb/snowflake-sqlalchemy,pypi,422,0,0,0,0,"",Python
https://github.com/oracle/python-oracledb,pypi,418,0,1,48471,0,"","Python,C"
https://github.com/rustwasm/walrus,cargo,416,1,0,0,0,"","Rust,Python"
https://github.com/stranger6667/jsonschema,cargo,413,1,0,0,0,"","Rust,Python,Ruby,JavaScript,TypeScript"
https://github.com/pachyderm/python-pachyderm,pypi,404,0,0,0,0,"","Go,Python,TypeScript,JavaScript,Julia,R"
https://github.com/realm/realm-core,swiftpm,401,0,1,3190,321315,CMake,"C++,TypeScript,C,Objective-C,Python,JavaScript,Swift,Emacs Lisp,Groovy"
https://github.com/aws/aws-sdk-rails,rubygems,397,0,0,0,0,"","Ruby,JavaScript"
https://github.com/denoland/deno,cargo,396,1,1,20178,9554,"","JavaScript,Rust,TypeScript,C++,C,Python,Nix"
https://github.com/dmlc/gluon-cv,pypi,392,0,1,0,4603,"","Python,JavaScript,C++"
https://github.com/hoffstadt/dearpygui,pypi,391,0,1,10184,28404,CMake,"C,C++,Python,Objective-C"
https://github.com/virustotal/yara-python,pypi,391,0,1,70496,896,"","C,C++,Python,JavaScript"
https://github.com/theacodes/cmarkgfm,pypi,387,0,1,376,0,"","C,Python"
https://github.com/ua-parser/uap-ruby,rubygems,387,0,0,0,0,"",Ruby
https://github.com/casadi/casadi,pypi,384,0,1,61790,152537,CMake,"C++,C,Python,JavaScript,Julia,Objective-C,TypeScript,Fortran,Perl"
https://github.com/cereal2nd/velbus-aio,pypi,383,0,0,0,0,"",Python
https://github.com/linebender/piet,cargo,381,1,0,0,0,"","Rust,JavaScript"
https://github.com/pytorch/kineto,pypi,379,0,1,5991,15639,CMake,"C++,C,Python"
https://github.com/pyimgui/pyimgui,pypi,377,0,1,15635,36631,"","C++,C,Python,Objective-C,Kotlin"
https://github.com/miracle2k/flask-assets,pypi,376,0,0,0,0,"",Python
https://github.com/semgrep/semgrep,pypi,375,0,1,12968040,2521,"","OCaml,Python,JavaScript,C,Java,PHP,Go,Scala,TypeScript,Ruby,C++,Rust,C#,Kotlin,Solidity,Swift,Julia,Dart,Lua,Clojure,Nix,Elixir"
https://github.com/google/snappy,conda,373,0,1,980,3891,CMake,"C++,C"
https://github.com/healpy/healpy,pypi,371,0,1,139450,10968,CMake,"Prolog,C,C++,Fortran,Python,Java,PHP,Perl"
https://github.com/lextudio/pysmi,pypi,371,0,0,0,0,"","Python,JavaScript"
https://github.com/sgrif/mysqlclient-sys,cargo,368,1,1,1158800,5022459,CMake,"C++,C,Rust,Python"
https://github.com/mattupstate/flask-principal,pypi,359,0,0,0,0,"",Python
https://github.com/voxpupuli/facterdb,rubygems,358,0,0,0,0,"","Ruby,JavaScript"
https://github.com/cornices/cornice,pypi,357,0,0,0,0,"",Python
https://github.com/alir3z4/python-stop-words,pypi,355,0,0,0,0,"",Python
https://gitlab.com/gnutls/gnutls,conda,355,0,1,1649411,3824,Autotools,"C,Perl,Python,Emacs Lisp,C++,Prolog,Ruby"
https://github.com/diamondlovesyou/rust-webm,cargo,352,1,1,6340,26088,"","C++,C,Rust,Python"
https://github.com/landhb/linux-keyutils,cargo,351,1,0,0,0,"",Rust
https://github.com/empact/roxml,rubygems,348,0,0,0,0,"",Ruby
https://github.com/dmlc/dgl,pypi,346,0,1,14194,34358,CMake,"Python,C++,C,Groovy"
https://github.com/paritytech/rust-secp256k1,cargo,346,1,1,14895,0,"","C,Rust,Java"
https://github.com/projecthydra/active_fedora,rubygems,343,0,0,0,0,"",Ruby
https://github.com/prior99/libsamplerate-sys,cargo,336,1,1,370976,43,CMake,"C,Objective-C,C++,Rust"
https://github.com/arthurk/django-disqus,pypi,332,0,0,0,0,"",Python
https://github.com/rpi-ws281x/rpi-ws281x-python,pypi,329,0,1,6870,0,"","C,Python"
https://github.com/horovod/horovod,pypi,327,0,1,4840,16284,CMake,"Python,C,C++"
https://github.com/inducer/pyopencl,pypi,326,0,1,659,7866,CMake,"Python,C++,Common Lisp,C"
https://github.com/mxcl/promisekit,swiftpm,325,0,1,288,0,"","Swift,Objective-C,C,JavaScript"
https://github.com/ardupilot/pymavlink,pypi,320,0,1,137,35,"","Python,C,Ada,JavaScript,Java,Swift,C++,C#,Lua"
https://github.com/deepwalker/trafaret,pypi,319,0,0,0,0,"","Java,Python,JavaScript,Ruby"
https://github.com/cldf/csvw,pypi,317,0,0,0,0,"","Python,JavaScript,Ruby"
https://github.com/dao-ailab/flash-attention,pypi,317,0,1,251508,1276324,CMake,"C++,Python,JavaScript,C"
https://github.com/mozilla/lmdb-rs,cargo,315,1,1,9827,0,"","Rust,C"
https://github.com/ekse/unicorn-rs,cargo,314,1,1,199864,298,"","C,Python,Java,Ruby,F#,Go,Rust,Haskell,C#,C++"
https://github.com/kmike/datrie,pypi,314,0,1,3794,0,"","C,Python"
https://github.com/mrjoes/flask-babelex,pypi,314,0,0,0,0,"",Python
https://github.com/thibauth/python-pushover,pypi,313,0,0,0,0,"",Python
https://github.com/tikv/grpc-rs,cargo,311,1,1,217884,308409,CMake,"C,C++,Python,PHP,Ruby,Objective-C,Rust,C#,JavaScript,Go,Java,Swift,Prolog"
https://github.com/pytries/marisa-trie,pypi,308,0,1,3653,61084,"","C,C++,Python,Perl,Ruby"
https://github.com/kvesteri/wtforms-json,pypi,307,0,0,0,0,"",Python
https://github.com/oschwald/maxminddb-rust,cargo,302,1,0,0,0,"","Rust,Go"
https://gitlab.com/spotlightkid/python-rtmidi,pypi,296,0,1,329,3918,Meson,"Python,C++,C,Go"
https://github.com/mcu-tools/mcuboot,pypi,290,1,1,809520,296,CMake,"JavaScript,C,Python,Perl,Tcl,C++,Go,Rust"
https://github.com/adafruit/adafruit_blinka,pypi,289,0,0,0,0,"",Python
https://github.com/bluealloy/revm,cargo,287,1,0,0,0,"",Rust
https://github.com/pyinsteon/insteon-panel,pypi,287,0,1,0,0,"","TypeScript,JavaScript,Python"
https://github.com/sarugaku/requirementslib,pypi,286,0,1,9213,0,"","Python,C,JavaScript"
https://github.com/jonasschmidt/ex_json_schema,hex,285,0,0,0,0,"",Elixir
https://github.com/xiph/opus,conda,285,0,1,80591,0,"Autotools,CMake,Meson","C,Python,Perl"
https://github.com/mozilla/mp4parse-rust,cargo,284,1,0,0,0,"",Rust
https://github.com/avocado-framework/avocado,pypi,281,0,1,81,0,"","Python,JavaScript,C,Go,TypeScript"
https://github.com/mitsuhiko/flask-oauth,pypi,281,0,0,0,0,"",Python
https://github.com/celery/librabbitmq,pypi,280,0,1,11529,0,CMake,"C,Python"
https://github.com/materializeinc/rust-sasl,cargo,280,1,1,60385,0,"","C,Rust,Python,Perl"
https://github.com/getsentry/sentry-elixir,hex,277,0,0,0,0,"","Elixir,TypeScript,JavaScript"
https://github.com/opal/opal-rspec,rubygems,276,0,0,0,0,"",Ruby
https://github.com/tobymao/sqlglot,pypi,272,0,0,0,0,"",Python
https://github.com/package-url/packageurl-python,pypi,271,0,0,0,0,"",Python
https://github.com/bytecodealliance/wit-bindgen,cargo,270,1,1,3136,3436,"","Rust,C,Go,C#,C++"
https://github.com/projecthydra/hydra-head,rubygems,269,0,0,0,0,"",Ruby
https://github.com/themilkman/jquery-tablesorter-rails,rubygems,269,0,0,0,0,"","JavaScript,Ruby"
https://github.com/rust-vmm/vm-memory,cargo,266,1,0,0,0,"","Rust,Python"
https://github.com/projecthydra/jettywrapper,rubygems,263,0,0,0,0,"",Ruby
https://github.com/alexene/rust_hawktracer,cargo,262,1,0,0,0,"",Rust
https://github.com/aws/aws-sdk-ruby-record,rubygems,261,0,0,0,0,"",Ruby
https://github.com/andrewhickman/prost-reflect,cargo,258,0,1,162597,187782,CMake,
https://github.com/rust-lang/rust,cargo,256,1,1,7171515,10361619,"","Rust,Python,C,C++,Perl,JavaScript,Emacs Lisp,Julia,TypeScript"
https://github.com/rustless/valico,cargo,256,1,0,0,0,"","Rust,JavaScript"
https://github.com/wez/wezterm,cargo,256,1,1,390206,121038,CMake,"C,Rust,C++,Python,C#,Ada,Nix,JavaScript,Perl"
https://github.com/rust-ethereum/evm,cargo,253,1,0,0,0,"","Python,Rust,JavaScript"
https://github.com/kornelski/lodepng-rust,cargo,252,1,0,0,0,"",Rust
https://github.com/gwihlidal/spirv-reflect-rs,cargo,250,1,0,0,0,"",Rust
https://github.com/goldfirere/singletons,hackage,248,0,0,0,0,"",Haskell
https://github.com/samvera/hydra-head,rubygems,244,0,0,0,0,"",Ruby
https://github.com/ruby-amqp/amq-client,rubygems,241,0,0,0,0,"",Ruby
https://github.com/appsignal/appsignal-ruby,rubygems,238,0,1,711,0,"","Ruby,C,Python"
https://github.com/cloudflare/boring,cargo,235,1,1,60909,174741,CMake,"C++,C,Rust,Go,Perl,Python"
https://github.com/nickel-org/rust-mustache,cargo,235,1,0,0,0,"",Rust
https://github.com/burntsushi/rust-pcre2,cargo,233,1,1,90514,0,"","C,Rust"
https://github.com/davidarmstronglewis/uap-rs,cargo,232,1,0,0,0,"","Rust,JavaScript,Nix,Perl"
https://github.com/cart/glsl-to-spirv,cargo,228,1,1,14361,72513,CMake,"C,C++,Rust,JavaScript,Python"
https://github.com/rpgp/rpgp,cargo,228,1,0,0,0,"","Rust,Scheme"
https://github.com/lubieniebieski/bootstrap-datetimepicker-rails,rubygems,225,0,0,0,0,"",Ruby
https://github.com/bluez/bluer,cargo,222,1,0,0,0,"","Rust,JavaScript"
https://github.com/holidays/holidays,rubygems,221,0,0,0,0,"",Ruby
https://github.com/untitaker/html5gum,cargo,220,1,0,0,0,"","Rust,Python"
https://github.com/libdeflater/libdeflater,cargo,219,1,1,11699,0,CMake,"C,Rust,Python,Ruby"
https://github.com/rust-vmm/vmm-sys-util,cargo,219,1,0,0,0,"","Rust,Python"
https://github.com/rking/pry-docmore,rubygems,218,0,0,0,0,"",Ruby
https://github.com/ordinaryzelig/capybara_minitest_spec,rubygems,217,0,0,0,0,"",Ruby
https://github.com/basho/riak-ruby-client,rubygems,216,0,0,0,0,"",Ruby
https://github.com/elixir-cldr/cldr,hex,216,0,0,0,0,"",Elixir
https://github.com/swc-project/plugins,cargo,213,1,0,0,0,"","JavaScript,TypeScript,Rust"
https://github.com/fzyzcjy/flutter_rust_bridge,cargo,210,1,1,17823,4418,CMake,"Dart,Rust,C,Swift,C++,TypeScript,Kotlin,JavaScript,Python,Nix"
https://github.com/simonmar/monad-par,hackage,207,0,1,506,0,"","Haskell,C"
https://github.com/ryanscottlewis/jquery-cookie-rails,rubygems,206,0,0,0,0,"","Ruby,JavaScript"
https://github.com/ruby-rdf/shex,rubygems,205,0,0,0,0,"",Ruby
https://github.com/acceleratehs/accelerate,hackage,203,0,1,25147,308339,CMake,"C++,Haskell,C,Python"
https://github.com/apache/datafusion,cargo,199,1,0,0,0,"","Rust,Python,JavaScript"
https://github.com/soutaro/steep,rubygems,198,0,0,0,0,"",Ruby
https://github.com/jhilden/jquery-ui-sass-rails,rubygems,197,0,0,0,0,"","Ruby,JavaScript"
https://github.com/fluent/fluent-plugin-grok-parser,rubygems,196,0,0,0,0,"",Ruby
https://github.com/aws/aws-sessionstore-dynamodb-ruby,rubygems,194,0,0,0,0,"",Ruby
https://github.com/codyps/rust-systemd,cargo,190,1,0,0,0,"","Rust,Nix"
https://github.com/jmesmon/build-env,cargo,187,1,0,0,0,"",Rust
https://github.com/materializeinc/rust-decnumber,cargo,186,1,1,12308,0,"","Rust,C"
https://github.com/lakelezz/audiopus_sys,cargo,184,1,1,53966,0,CMake,"C,Python,Rust,Perl"
https://github.com/reactivecocoa/reactiveswift,swiftpm,180,0,1,479,0,"","Swift,Objective-C,JavaScript,C"
https://github.com/mana-ethereum/ex_rlp,hex,173,0,0,0,0,"","Elixir,JavaScript,Python"
https://github.com/mathspy/tree-sitter-toml,cargo,167,1,1,16315,128,"","Rust,C,JavaScript,C++,TypeScript,Python,Scheme"
https://github.com/rust-vmm/linux-loader,cargo,166,1,1,0,293,"","Rust,Python,C++"
https://github.com/kornelski/mozjpeg-sys,cargo,163,1,0,0,0,"",Rust
https://github.com/sparkle-project/sparkle,swiftpm,161,0,1,7605,0,"","C,Objective-C,Swift,Python"
https://github.com/paritytech/parity-ethereum,cargo,160,1,0,0,0,"","Rust,Solidity"
https://github.com/kornelski/gh-emoji,cargo,158,1,0,0,0,"","Ruby,Rust"
https://github.com/rust-vmm/vm-virtio,cargo,158,1,0,0,0,"","Rust,Python"
https://github.com/surrealdb/surrealdb,cargo,158,1,0,0,0,"","Rust,Python,Nix,D,JavaScript"
https://github.com/dependabot/dependabot-core,rubygems,155,0,1,35,86,CMake,"C#,Ruby,Go,JavaScript,TypeScript,Julia,PHP,C,C++,Nix,F#,Python,Rust"
https://github.com/pepyakin/wabt-rs,cargo,155,1,1,9525,38048,"","C,C++,Python,JavaScript,Rust"
https://github.com/shopify/ruby-lsp,rubygems,155,0,1,28617,17,"","Ruby,C,TypeScript,Rust,Java,JavaScript,C++"
https://github.com/busyjay/boringssl-src-rs,cargo,150,1,1,126599,79642,CMake,"C,C++,Go,Perl,Rust,Python"
https://github.com/mlua-rs/luajit-src-rs,cargo,146,1,1,73415,6,"","C,Lua,Rust,C++"
https://github.com/rust-vmm/seccompiler,cargo,144,1,0,0,0,"","Rust,Python"
https://github.com/dfinity/cdk-rs,cargo,143,1,0,0,0,"",Rust
https://github.com/rust-fuzz/afl.rs,cargo,141,1,1,125857,18892,"","C,C++,Python,Rust,JavaScript,Java,TypeScript"
https://github.com/drnic/rubigen,rubygems,136,0,0,0,0,"","Ruby,JavaScript"
https://github.com/aki017/slack-ruby-gem,rubygems,135,0,0,0,0,"",Ruby
https://github.com/google/rust-scudo,cargo,135,1,1,0,40,"","Rust,C++"
https://github.com/mdp/gibberish,rubygems,135,0,0,0,0,"",Ruby
https://github.com/grafana/pyroscope-rs,cargo,133,1,0,0,0,"",Rust
https://github.com/civisanalytics/ruby_audit,rubygems,131,0,0,0,0,"",Ruby
https://github.com/sparsemat/sprs,cargo,131,1,1,777204,24254,CMake,"C,Objective-C,C++,Rust,Ruby,Fortran,Solidity,Java,Python"
https://github.com/calabash/calabash-android,rubygems,130,0,0,0,0,"","Ruby,Java,Prolog"
https://github.com/gma/nesta,rubygems,130,0,0,0,0,"",Ruby
https://github.com/pistondevelopers/glfw-sys,cargo,129,1,1,71112,0,CMake,"C,Rust,Objective-C"
https://github.com/gnzlbg/mimallocator,cargo,122,1,1,5753,57,CMake,"JavaScript,C,Rust,C++"
https://github.com/stainless-steel/sqlite3-src,cargo,122,1,1,206724,0,"","C,Rust"
https://github.com/shuttle-hq/shuttle,cargo,120,1,0,0,0,"","Rust,TypeScript,JavaScript"
https://github.com/rust-vmm/kvm,cargo,119,1,0,0,0,"","Rust,Python"
https://github.com/youknowone/xz-rs,cargo,115,1,0,0,0,"",Rust
https://github.com/cloudflare/workers-rs,cargo,111,1,0,0,0,"","Rust,JavaScript,TypeScript,Python"
https://github.com/gitlabhq/grack,rubygems,111,0,0,0,0,"",Ruby
https://github.com/marwes/schemafy,cargo,111,1,0,0,0,"","Rust,JavaScript"
https://github.com/sharkdp/bat,cargo,110,1,1,576,122,"","Python,TypeScript,Verilog,Rust,JavaScript,C#,Objective-C,Ruby,C,Ada,D,Haskell,Julia,Zig,Clojure,COBOL,C++,Dart,Elixir,Groovy,Lua,Nix,Common Lisp,Erlang,GDScript,Go,Java,Kotlin,Nim,OCaml,Perl,PHP,Scala,Tcl,VHDL,Crystal,Elm,Fortran,F#,Odin,Racket,Solidity,Swift,R"
https://github.com/nervosnetwork/ckb,cargo,109,1,1,72,0,"","Rust,Go,Lua,C,Python,JavaScript,Ruby"
https://github.com/slyphon/zk,rubygems,108,0,0,0,0,"",Ruby
https://github.com/saurvs/nfd-rs,cargo,107,1,1,535,568,"","C,Rust,C++,Objective-C"
https://github.com/voltrb/sockjs-ruby,rubygems,107,0,0,0,0,"",Ruby
https://github.com/miyucy/brotli,rubygems,106,0,1,1102,0,"","Ruby,C"
https://github.com/rust-skia/rust-skia,cargo,106,1,1,154926,758047,CMake,"C++,C,Python,JavaScript,Go,Objective-C,Rust,Java,TypeScript,Nix"
https://github.com/mdp/rturk,rubygems,103,0,0,0,0,"","Ruby,JavaScript"
https://github.com/apache/tvm,cargo,102,0,1,299853,566389,CMake,"Python,C,C++,JavaScript,Rust,Java,Objective-C,Groovy,TypeScript"
https://github.com/ihalila/pdcurses-sys,cargo,102,1,1,27180,0,"","C,Rust"
https://github.com/mechiru/googapis,cargo,101,1,0,0,0,"","Rust,Go"
https://github.com/compass-rs/sass-rs,cargo,98,1,1,1298,30105,"","C++,C,Rust,Perl"
https://github.com/holochain/lib3h,cargo,97,1,0,0,0,"","Rust,Nix"
https://github.com/holochain/holochain-persistence,cargo,95,1,0,0,0,"","Rust,Nix"
https://github.com/kijewski/tzdb,cargo,94,1,0,0,0,"","Rust,Python"
https://github.com/apache/arrow-datafusion,cargo,92,1,0,0,0,"","Rust,Python,JavaScript"
https://github.com/nervosnetwork/ckb-system-scripts,cargo,92,1,1,18784,0,"","C,Rust,Java"
https://github.com/fltk-rs/fltk-rs,cargo,88,1,1,4220,8705,CMake,"Rust,C,C++,Objective-C"
https://github.com/danburkert/lmdb-rs,cargo,87,1,1,9794,0,"","C,Rust"
https://github.com/rust-ndarray/ndarray-linalg,cargo,85,1,0,0,0,"",Rust
https://github.com/open-telemetry/opentelemetry-erlang,hex,82,0,0,0,0,"","Erlang,Elixir"
https://github.com/membraneframework/membrane_core,hex,77,0,0,0,0,"","Elixir,JavaScript,Python"
https://github.com/alco/hashids-elixir,hex,61,0,0,0,0,"",Elixir
https://github.com/appsignal/appsignal-elixir,hex,56,0,1,881,0,"","Elixir,Ruby,C,Python"
https://github.com/elixir-protobuf/google-protos,hex,45,0,1,91883,159584,CMake,"C,C++,Java,C#,PHP,Objective-C,Python,Ruby,Kotlin,Elixir,Go,JavaScript,Dart,Emacs Lisp,Swift"
https://github.com/basho/riak-erlang-client,hex,24,0,0,0,0,"",Erlang
https://github.com/puid/elixir,hex,19,0,0,0,0,"",Elixir
https://github.com/enkimultimedia/erlang-rocksdb,hex,17,0,1,233937,459945,CMake,"C,C++,Java,Erlang,Python,Lua,Swift"
https://github.com/kafka4beam/crc32cer,hex,14,0,1,121,0,CMake,"Erlang,C"
https://github.com/ndreynolds/ratatouille,hex,13,0,0,0,0,"",Elixir
https://github.com/exthereum/merkle_patricia_tree,hex,8,0,0,0,0,"","Elixir,JavaScript,Solidity,Python"
https://github.com/exthereum/blockchain,hex,6,0,0,0,0,"","Elixir,JavaScript,Solidity,Python"
https://github.com/ndreynolds/ex_termbox,hex,6,0,1,2006,472,"","Elixir,C,Python"
https://github.com/romul/uap-elixir,hex,6,0,0,0,0,"",Elixir
https://github.com/exthereum/evm,hex,5,0,0,0,0,"","Elixir,JavaScript,Python"
https://github.com/gregmefford/blinkchain,hex,5,0,1,2960,0,"","Elixir,C,Python,Go"
https://github.com/nebo15/nex_json_schema,hex,5,0,0,0,0,"",Elixir
https://github.com/edgedb/edgedb-elixir,hex,4,0,0,0,0,"","Elixir,TypeScript"
https://github.com/opencensus-beam/opencensus-jaeger,hex,3,0,0,0,0,"","Erlang,Emacs Lisp,Elixir"
https://github.com/gregmefford/nerves_neopixel,hex,2,0,1,2960,0,"","Elixir,C,Python,Go"
https://github.com/holiday-jp/holiday_jp-elixir,hex,2,0,0,0,0,"","Elixir,Ruby"
https://github.com/kafka4beam/lz4b,hex,2,0,1,382,0,"","Erlang,C"
https://github.com/korczis/gauc.ex,hex,2,1,0,0,0,"","Elixir,Rust"
https://github.com/overbryd/myhtmlex,hex,2,0,1,70899,0,"","C,Elixir,Erlang"
https://github.com/scottdavis/sass.ex,hex,2,0,1,1567,30105,"","C++,C,Elixir,Perl"
https://github.com/sgiath/nostr,hex,2,0,0,0,0,"","Elixir,Python,Nix,JavaScript,TypeScript"
https://github.com/youimmi/sass_compiler,hex,2,0,1,1627,30184,"","C++,C,Elixir,Perl"
https://github.com/am-kantox/johanna,hex,1,0,0,0,0,"","Elixir,Erlang"
https://github.com/arcblock/ex_abci,hex,1,0,0,0,0,"",Elixir
https://github.com/connorrigby/my_sensors_mysgw,hex,1,0,1,15227,21532,"","C,C++,Elixir"
https://github.com/cuatroelixir/event_store_db_gpb_protobufs,hex,1,0,0,0,0,"","C#,JavaScript,Erlang,TypeScript"
https://github.com/dwyl/gitea,hex,1,0,0,0,0,"",Elixir
https://github.com/erlef/purl,hex,1,0,0,0,0,"","Erlang,Elixir,Python"
https://github.com/fremantle-industries/history,hex,1,0,0,0,0,"","Elixir,JavaScript,TypeScript"
https://github.com/gregmefford/nerves_io_neopixel,hex,1,0,1,2960,0,"","Elixir,C,Python,Go"
https://github.com/hayesgm/signet,hex,1,0,0,0,0,"","Elixir,Solidity,Python"
https://github.com/johndoneth/spandex_otlp,hex,1,0,0,0,0,"",Elixir
https://github.com/jshmrtn/openapi-compiler,hex,1,0,0,0,0,"",Elixir
https://github.com/lac-dcc/honey-potion,hex,1,0,1,12761,0,"","Elixir,C,Nix"
https://github.com/lcpmarvel/gb2260,hex,1,0,0,0,0,"","Elixir,Python"
https://github.com/liamwhite/exmagic,hex,1,0,1,16058,0,"","C,Python,Elixir"
https://github.com/markglenn/hrx,hex,1,0,0,0,0,"",Elixir
https://github.com/nobuyo/json-typedef-elixir,hex,1,0,0,0,0,"",Elixir
https://github.com/petrovich/petrovich_elixir,hex,1,0,0,0,0,"",Elixir
https://github.com/softwaremansion/elixir-gcloud-speech-grpc,hex,1,0,0,0,0,"",Elixir
https://github.com/tolyo/nitroux,hex,1,0,0,0,0,"","Rust,Elixir,JavaScript"
https://github.com/valiot/opex62541,hex,1,0,1,5526,0,"","Elixir,C"
https://github.com/ymtszw/hipchat_elixir,hex,1,0,0,0,0,"",Elixir
https://github.com/dotnet/aspnetcore,nuget,0,0,1,26588,66153,CMake,"C#,TypeScript,JavaScript,C,C++,Lua,F#,Python"
https://github.com/ericsink/sqlitepcl.raw,nuget,0,0,0,0,0,"","C#,F#"
https://github.com/nuget/nuget.client,nuget,0,0,1,35,86,CMake,"C#,C,C++,JavaScript,F#,Python"
https://github.com/rabbitmq/rabbitmq-dotnet-client,nuget,0,0,0,0,0,"","C#,JavaScript"
