purl,ecosystem,dependent_repos,repository_url,cargo_dir,crate,version,upstream,advisory,nvd,severity,sources,summary
pkg:npm/selenium-webdriver,npm,622782,https://github.com/seleniumhq/selenium,rust,bzip2-sys,0.1.13+1.0.8,bzip2@1.0.8,CVE-2026-42250,no_cpe,CVSS:4.0/AV:L/AC:L/AT:N/PR:N/UI:P/VC:N/VI:N/VA:L/SC:N/SI:N/SA:N/E:X/CR:X/IR:X/AR:X/MAV:X/MAC:X/MAT:X/MPR:X/MUI:X/MVC:X/MVI:X/MVA:X/MSC:X/MSI:X/MSA:X/S:X/AU:X/R:X/V:X/RE:X/U:X,DEBIAN-CVE-2026-42250 UBUNTU-CVE-2026-42250,"bzip2 contains an off‑by‑one error in the bzip2recover utility. When processing a specially crafted file, the applicatio"
pkg:npm/selenium-webdriver,npm,622782,https://github.com/seleniumhq/selenium,rust,lzma-sys,0.1.20,xz@5.2.5,CVE-2026-34743,in_range,CVSS:3.1/AV:N/AC:L/PR:N/UI:N/S:U/C:N/I:N/A:L,ALPINE-CVE-2026-34743,"XZ Utils provide a general-purpose data-compression library plus command-line tools. Prior to version 5.8.3, if lzma_ind"
pkg:npm/selenium-webdriver,npm,622782,https://github.com/seleniumhq/selenium,rust,lzma-sys,0.1.20,xz@5.2.5,CVE-2025-31115,no_cpe,CVSS:4.0/AV:N/AC:L/AT:N/PR:N/UI:N/VC:N/VI:N/VA:H/SC:N/SI:N/SA:N/E:X/CR:X/IR:X/AR:X/MAV:X/MAC:X/MAT:X/MPR:X/MUI:X/MVC:X/MVI:X/MVA:X/MSC:X/MSI:X/MSA:X/S:X/AU:X/R:X/V:X/RE:X/U:X,ALPINE-CVE-2025-31115,"XZ Utils provide a general-purpose data-compression library plus command-line tools. In XZ Utils 5.3.3alpha to 5.8.0, th"
pkg:gem/selenium-webdriver,rubygems,311814,https://github.com/seleniumhq/selenium,rust,bzip2-sys,0.1.13+1.0.8,bzip2@1.0.8,CVE-2026-42250,no_cpe,CVSS:4.0/AV:L/AC:L/AT:N/PR:N/UI:P/VC:N/VI:N/VA:L/SC:N/SI:N/SA:N/E:X/CR:X/IR:X/AR:X/MAV:X/MAC:X/MAT:X/MPR:X/MUI:X/MVC:X/MVI:X/MVA:X/MSC:X/MSI:X/MSA:X/S:X/AU:X/R:X/V:X/RE:X/U:X,DEBIAN-CVE-2026-42250 UBUNTU-CVE-2026-42250,"bzip2 contains an off‑by‑one error in the bzip2recover utility. When processing a specially crafted file, the applicatio"
pkg:gem/selenium-webdriver,rubygems,311814,https://github.com/seleniumhq/selenium,rust,lzma-sys,0.1.20,xz@5.2.5,CVE-2025-31115,no_cpe,CVSS:4.0/AV:N/AC:L/AT:N/PR:N/UI:N/VC:N/VI:N/VA:H/SC:N/SI:N/SA:N/E:X/CR:X/IR:X/AR:X/MAV:X/MAC:X/MAT:X/MPR:X/MUI:X/MVC:X/MVI:X/MVA:X/MSC:X/MSI:X/MSA:X/S:X/AU:X/R:X/V:X/RE:X/U:X,ALPINE-CVE-2025-31115,"XZ Utils provide a general-purpose data-compression library plus command-line tools. In XZ Utils 5.3.3alpha to 5.8.0, th"
pkg:gem/selenium-webdriver,rubygems,311814,https://github.com/seleniumhq/selenium,rust,lzma-sys,0.1.20,xz@5.2.5,CVE-2026-34743,in_range,CVSS:3.1/AV:N/AC:L/PR:N/UI:N/S:U/C:N/I:N/A:L,ALPINE-CVE-2026-34743,"XZ Utils provide a general-purpose data-compression library plus command-line tools. Prior to version 5.8.3, if lzma_ind"
pkg:maven/org.seleniumhq.selenium/selenium-java,maven,98124,https://github.com/seleniumhq/selenium,rust,bzip2-sys,0.1.13+1.0.8,bzip2@1.0.8,CVE-2026-42250,no_cpe,CVSS:4.0/AV:L/AC:L/AT:N/PR:N/UI:P/VC:N/VI:N/VA:L/SC:N/SI:N/SA:N/E:X/CR:X/IR:X/AR:X/MAV:X/MAC:X/MAT:X/MPR:X/MUI:X/MVC:X/MVI:X/MVA:X/MSC:X/MSI:X/MSA:X/S:X/AU:X/R:X/V:X/RE:X/U:X,DEBIAN-CVE-2026-42250 UBUNTU-CVE-2026-42250,"bzip2 contains an off‑by‑one error in the bzip2recover utility. When processing a specially crafted file, the applicatio"
pkg:maven/org.seleniumhq.selenium/selenium-java,maven,98124,https://github.com/seleniumhq/selenium,rust,lzma-sys,0.1.20,xz@5.2.5,CVE-2025-31115,no_cpe,CVSS:4.0/AV:N/AC:L/AT:N/PR:N/UI:N/VC:N/VI:N/VA:H/SC:N/SI:N/SA:N/E:X/CR:X/IR:X/AR:X/MAV:X/MAC:X/MAT:X/MPR:X/MUI:X/MVC:X/MVI:X/MVA:X/MSC:X/MSI:X/MSA:X/S:X/AU:X/R:X/V:X/RE:X/U:X,ALPINE-CVE-2025-31115,"XZ Utils provide a general-purpose data-compression library plus command-line tools. In XZ Utils 5.3.3alpha to 5.8.0, th"
pkg:maven/org.seleniumhq.selenium/selenium-java,maven,98124,https://github.com/seleniumhq/selenium,rust,lzma-sys,0.1.20,xz@5.2.5,CVE-2026-34743,in_range,CVSS:3.1/AV:N/AC:L/PR:N/UI:N/S:U/C:N/I:N/A:L,ALPINE-CVE-2026-34743,"XZ Utils provide a general-purpose data-compression library plus command-line tools. Prior to version 5.8.3, if lzma_ind"
pkg:npm/relay-runtime,npm,76213,https://github.com/facebook/relay,compiler,openssl-src,300.4.1+3.4.0,openssl@3.4.0,CVE-2025-68160,in_range,CVSS:3.1/AV:L/AC:H/PR:L/UI:N/S:U/C:N/I:N/A:H,DEBIAN-CVE-2025-68160,"Issue summary: Writing large, newline-free data into a BIO chain using the line-buffering filter where the next BIO perf"
pkg:npm/relay-runtime,npm,76213,https://github.com/facebook/relay,compiler,openssl-src,300.4.1+3.4.0,openssl@3.4.0,CVE-2025-15467,in_range,CVSS:3.1/AV:N/AC:L/PR:N/UI:R/S:U/C:H/I:H/A:H,DEBIAN-CVE-2025-15467 DSA-6113-1,Issue summary: Parsing CMS AuthEnvelopedData or EnvelopedData message with maliciously crafted AEAD parameters can trigg
pkg:npm/relay-runtime,npm,76213,https://github.com/facebook/relay,compiler,openssl-src,300.4.1+3.4.0,openssl@3.4.0,CVE-2025-11187,in_range,CVSS:3.1/AV:L/AC:L/PR:L/UI:R/S:U/C:L/I:L/A:H,DEBIAN-CVE-2025-11187,Issue summary: PBMAC1 parameters in PKCS#12 files are missing validation which can trigger a stack-based buffer overflow
pkg:npm/relay-runtime,npm,76213,https://github.com/facebook/relay,compiler,openssl-src,300.4.1+3.4.0,openssl@3.4.0,CVE-2024-13176,no_cpe,CVSS:3.1/AV:P/AC:L/PR:L/UI:N/S:U/C:L/I:L/A:L,DEBIAN-CVE-2024-13176,Issue summary: A timing side-channel which could potentially allow recovering the private key exists in the ECDSA signat
pkg:npm/relay-runtime,npm,76213,https://github.com/facebook/relay,compiler,openssl-src,300.4.1+3.4.0,openssl@3.4.0,CVE-2024-12797,no_cpe,CVSS:3.1/AV:N/AC:L/PR:N/UI:R/S:U/C:L/I:L/A:L,DEBIAN-CVE-2024-12797,Issue summary: Clients using RFC7250 Raw Public Keys (RPKs) to authenticate a server may fail to notice that the server 
pkg:npm/relay-runtime,npm,76213,https://github.com/facebook/relay,compiler,openssl-src,300.4.1+3.4.0,openssl@3.4.0,CVE-2026-42767,in_range,CVSS:3.1/AV:N/AC:H/PR:N/UI:N/S:U/C:N/I:N/A:H,DEBIAN-CVE-2026-42767,Issue summary: An attacker-controlled CMP (Certificate Management Protocol) server could trigger a NULL pointer derefere
pkg:npm/relay-runtime,npm,76213,https://github.com/facebook/relay,compiler,openssl-src,300.4.1+3.4.0,openssl@3.4.0,CVE-2026-14456,no_cpe,CVSS:3.1/AV:N/AC:L/PR:N/UI:N/S:U/C:N/I:N/A:H,DEBIAN-CVE-2026-14456,Issue summary: When an OpenSSL QUIC server (Listener SSL object) processes valid QUIC Initial packets for unknown destin
pkg:npm/relay-runtime,npm,76213,https://github.com/facebook/relay,compiler,openssl-src,300.4.1+3.4.0,openssl@3.4.0,CVE-2025-27587,no_cpe,CVSS:3.1/AV:N/AC:H/PR:L/UI:N/S:U/C:H/I:N/A:N,DEBIAN-CVE-2025-27587,"OpenSSL 3.0.0 through 3.3.2 on the PowerPC architecture is vulnerable to a Minerva attack, exploitable by measuring the "
pkg:npm/relay-runtime,npm,76213,https://github.com/facebook/relay,compiler,openssl-src,300.4.1+3.4.0,openssl@3.4.0,CVE-2026-9076,in_range,CVSS:3.1/AV:N/AC:L/PR:N/UI:N/S:U/C:N/I:N/A:H,DEBIAN-CVE-2026-9076,"Issue summary: When CMS password-based decryption (RFC 3211 / PWRI key unwrap) processes attacker-supplied CMS data, an "
pkg:npm/relay-runtime,npm,76213,https://github.com/facebook/relay,compiler,openssl-src,300.4.1+3.4.0,openssl@3.4.0,CVE-2026-7383,in_range,CVSS:3.1/AV:N/AC:H/PR:N/UI:N/S:U/C:H/I:H/A:H,DEBIAN-CVE-2026-7383,Issue summary: A signed integer overflow when sizing the destination buffer for Unicode output in ASN1_mbstring_ncopy() 
pkg:npm/relay-runtime,npm,76213,https://github.com/facebook/relay,compiler,openssl-src,300.4.1+3.4.0,openssl@3.4.0,CVE-2026-45447,in_range,CVSS:3.1/AV:N/AC:L/PR:L/UI:N/S:U/C:H/I:H/A:H,DEBIAN-CVE-2026-45447,Issue summary: A specially crafted PKCS#7 or S/MIME signed message could trigger a use-after-free during PKCS#7 signatur
pkg:npm/relay-runtime,npm,76213,https://github.com/facebook/relay,compiler,openssl-src,300.4.1+3.4.0,openssl@3.4.0,CVE-2026-45446,in_range,CVSS:3.1/AV:N/AC:H/PR:N/UI:N/S:U/C:L/I:L/A:N,DEBIAN-CVE-2026-45446,Issue summary: The implementations of AES-SIV (RFC 5297) and AES-GCM-SIV (RFC 8452) mishandle the authentication of AAD 
pkg:npm/relay-runtime,npm,76213,https://github.com/facebook/relay,compiler,openssl-src,300.4.1+3.4.0,openssl@3.4.0,CVE-2026-45445,in_range,CVSS:3.1/AV:N/AC:L/PR:N/UI:N/S:U/C:H/I:N/A:N,DEBIAN-CVE-2026-45445,"Issue summary: When an application drives an AES-OCB context through the public EVP_Cipher() one-shot interface, the app"
pkg:npm/relay-runtime,npm,76213,https://github.com/facebook/relay,compiler,openssl-src,300.4.1+3.4.0,openssl@3.4.0,CVE-2026-42770,in_range,CVSS:3.1/AV:N/AC:H/PR:N/UI:N/S:U/C:L/I:N/A:N,DEBIAN-CVE-2026-42770,"Issue summary: When EVP_PKEY_derive_set_peer() is called with a DHX (X9.42) peer key, the peer key is not properly check"
pkg:npm/relay-runtime,npm,76213,https://github.com/facebook/relay,compiler,openssl-src,300.4.1+3.4.0,openssl@3.4.0,CVE-2026-42769,in_range,CVSS:3.1/AV:N/AC:H/PR:L/UI:N/S:U/C:H/I:N/A:N,DEBIAN-CVE-2026-42769,Issue Summary: An error in the callback used to verify the certificate provided in a Root CA key update Certificate Mana
pkg:npm/relay-runtime,npm,76213,https://github.com/facebook/relay,compiler,openssl-src,300.4.1+3.4.0,openssl@3.4.0,CVE-2026-42768,in_range,CVSS:3.1/AV:N/AC:H/PR:N/UI:N/S:U/C:L/I:N/A:N,DEBIAN-CVE-2026-42768,Issue summary: The CMS_decrypt and PKCS7_decrypt functions are vulnerable to Bleichenbacher-style attack when an attacke
pkg:npm/relay-runtime,npm,76213,https://github.com/facebook/relay,compiler,openssl-src,300.4.1+3.4.0,openssl@3.4.0,CVE-2026-42766,in_range,CVSS:3.1/AV:N/AC:H/PR:N/UI:N/S:U/C:N/I:N/A:H,DEBIAN-CVE-2026-42766,Issue summary: A specially crafted password-encrypted CMS message can trigger a NULL pointer dereference during CMS decr
pkg:npm/relay-runtime,npm,76213,https://github.com/facebook/relay,compiler,openssl-src,300.4.1+3.4.0,openssl@3.4.0,CVE-2026-34183,in_range,CVSS:3.1/AV:N/AC:L/PR:N/UI:N/S:U/C:N/I:N/A:H,DEBIAN-CVE-2026-34183,Issue summary: Remote peer may exhaust heap memory of the QUIC server or client by flooding it with packets containing P
pkg:npm/relay-runtime,npm,76213,https://github.com/facebook/relay,compiler,openssl-src,300.4.1+3.4.0,openssl@3.4.0,CVE-2026-34182,in_range,CVSS:3.1/AV:N/AC:L/PR:N/UI:N/S:U/C:H/I:H/A:N,DEBIAN-CVE-2026-34182,Issue Summary: Cryptographic Message Services (CMS) processing fails to perform sufficient input validation on the ciphe
pkg:npm/relay-runtime,npm,76213,https://github.com/facebook/relay,compiler,openssl-src,300.4.1+3.4.0,openssl@3.4.0,CVE-2026-34181,in_range,CVSS:3.1/AV:N/AC:H/PR:N/UI:N/S:U/C:H/I:H/A:N,DEBIAN-CVE-2026-34181,Issue Summary: The PKCS#12 file processing fails to perform sufficient input validation for files that use Password-Base
pkg:npm/relay-runtime,npm,76213,https://github.com/facebook/relay,compiler,openssl-src,300.4.1+3.4.0,openssl@3.4.0,CVE-2026-34180,in_range,CVSS:3.1/AV:N/AC:L/PR:N/UI:N/S:U/C:N/I:N/A:H,DEBIAN-CVE-2026-34180,Issue summary: Parsing a crafted DER-encoded ASN.1 structure with a primitive element whose content exceeds 2 gigabytes 
pkg:npm/relay-runtime,npm,76213,https://github.com/facebook/relay,compiler,openssl-src,300.4.1+3.4.0,openssl@3.4.0,CVE-2026-31790,in_range,CVSS:3.1/AV:N/AC:L/PR:N/UI:N/S:U/C:H/I:N/A:N,DEBIAN-CVE-2026-31790,Issue summary: Applications using RSASVE key encapsulation to establish a secret encryption key can send contents of an 
pkg:npm/relay-runtime,npm,76213,https://github.com/facebook/relay,compiler,openssl-src,300.4.1+3.4.0,openssl@3.4.0,CVE-2026-31789,in_range,CVSS:3.1/AV:N/AC:L/PR:N/UI:N/S:U/C:H/I:H/A:H,DEBIAN-CVE-2026-31789,Issue summary: Converting an excessively large OCTET STRING value to a hexadecimal string leads to a heap buffer overflo
pkg:npm/relay-runtime,npm,76213,https://github.com/facebook/relay,compiler,openssl-src,300.4.1+3.4.0,openssl@3.4.0,CVE-2026-28390,in_range,CVSS:3.1/AV:N/AC:L/PR:N/UI:N/S:U/C:N/I:N/A:H,DEBIAN-CVE-2026-28390,Issue summary: During processing of a crafted CMS EnvelopedData message with KeyTransportRecipientInfo a NULL pointer de
pkg:npm/relay-runtime,npm,76213,https://github.com/facebook/relay,compiler,openssl-src,300.4.1+3.4.0,openssl@3.4.0,CVE-2026-28389,in_range,CVSS:3.1/AV:N/AC:L/PR:N/UI:N/S:U/C:N/I:N/A:H,DEBIAN-CVE-2026-28389,Issue summary: During processing of a crafted CMS EnvelopedData message with KeyAgreeRecipientInfo a NULL pointer derefe
pkg:npm/relay-runtime,npm,76213,https://github.com/facebook/relay,compiler,openssl-src,300.4.1+3.4.0,openssl@3.4.0,CVE-2026-28388,in_range,CVSS:3.1/AV:N/AC:L/PR:N/UI:N/S:U/C:N/I:N/A:H,DEBIAN-CVE-2026-28388,Issue summary: When a delta CRL that contains a Delta CRL Indicator extension is processed a NULL pointer dereference mi
pkg:npm/relay-runtime,npm,76213,https://github.com/facebook/relay,compiler,openssl-src,300.4.1+3.4.0,openssl@3.4.0,CVE-2026-28387,in_range,CVSS:3.1/AV:N/AC:H/PR:N/UI:N/S:U/C:H/I:H/A:H,DEBIAN-CVE-2026-28387,"Issue summary: An uncommon configuration of clients performing DANE TLSA-based server authentication, when paired with u"
pkg:npm/relay-runtime,npm,76213,https://github.com/facebook/relay,compiler,openssl-src,300.4.1+3.4.0,openssl@3.4.0,CVE-2026-22796,in_range,CVSS:3.1/AV:N/AC:L/PR:N/UI:N/S:U/C:N/I:N/A:L,DEBIAN-CVE-2026-22796,Issue summary: A type confusion vulnerability exists in the signature verification of signed PKCS#7 data where an ASN1_T
pkg:npm/relay-runtime,npm,76213,https://github.com/facebook/relay,compiler,openssl-src,300.4.1+3.4.0,openssl@3.4.0,CVE-2026-22795,in_range,CVSS:3.1/AV:L/AC:L/PR:N/UI:R/S:U/C:N/I:N/A:H,DEBIAN-CVE-2026-22795,Issue summary: An invalid or NULL pointer dereference can happen in an application processing a malformed PKCS#12 file. 
pkg:npm/relay-runtime,npm,76213,https://github.com/facebook/relay,compiler,openssl-src,300.4.1+3.4.0,openssl@3.4.0,CVE-2025-9232,no_cpe,CVSS:3.1/AV:N/AC:H/PR:N/UI:N/S:U/C:N/I:N/A:H,DEBIAN-CVE-2025-9232,Issue summary: An application using the OpenSSL HTTP client API functions may trigger an out-of-bounds read if the 'no_p
pkg:npm/relay-runtime,npm,76213,https://github.com/facebook/relay,compiler,openssl-src,300.4.1+3.4.0,openssl@3.4.0,CVE-2025-9231,no_cpe,CVSS:3.1/AV:N/AC:L/PR:N/UI:N/S:U/C:L/I:N/A:L,DEBIAN-CVE-2025-9231,Issue summary: A timing side-channel which could potentially allow remote recovery of the private key exists in the SM2 
pkg:npm/relay-runtime,npm,76213,https://github.com/facebook/relay,compiler,openssl-src,300.4.1+3.4.0,openssl@3.4.0,CVE-2025-9230,no_cpe,CVSS:3.1/AV:N/AC:L/PR:N/UI:N/S:U/C:N/I:N/A:H,DEBIAN-CVE-2025-9230 DSA-6015-1,Issue summary: An application trying to decrypt CMS messages encrypted using password based encryption can trigger an ou
pkg:npm/relay-runtime,npm,76213,https://github.com/facebook/relay,compiler,openssl-src,300.4.1+3.4.0,openssl@3.4.0,CVE-2025-69421,in_range,CVSS:3.1/AV:N/AC:L/PR:N/UI:N/S:U/C:N/I:N/A:H,DEBIAN-CVE-2025-69421,Issue summary: Processing a malformed PKCS#12 file can trigger a NULL pointer dereference in the PKCS12_item_decrypt_d2i
pkg:npm/relay-runtime,npm,76213,https://github.com/facebook/relay,compiler,openssl-src,300.4.1+3.4.0,openssl@3.4.0,CVE-2025-69420,in_range,CVSS:3.1/AV:N/AC:L/PR:N/UI:N/S:U/C:N/I:N/A:H,DEBIAN-CVE-2025-69420,Issue summary: A type confusion vulnerability exists in the TimeStamp Response verification code where an ASN1_TYPE unio
pkg:npm/relay-runtime,npm,76213,https://github.com/facebook/relay,compiler,openssl-src,300.4.1+3.4.0,openssl@3.4.0,CVE-2025-69419,in_range,CVSS:3.1/AV:N/AC:H/PR:N/UI:N/S:U/C:H/I:H/A:N,DEBIAN-CVE-2025-69419,Issue summary: Calling PKCS12_get_friendlyname() function on a maliciously crafted PKCS#12 file with a BMPString (UTF-16
pkg:npm/relay-runtime,npm,76213,https://github.com/facebook/relay,compiler,openssl-src,300.4.1+3.4.0,openssl@3.4.0,CVE-2025-69418,in_range,CVSS:3.1/AV:L/AC:H/PR:N/UI:N/S:U/C:L/I:L/A:N,DEBIAN-CVE-2025-69418,"Issue summary: When using the low-level OCB API directly with AES-NI or<br>other hardware-accelerated code paths, inputs"
pkg:npm/relay-runtime,npm,76213,https://github.com/facebook/relay,compiler,openssl-src,300.4.1+3.4.0,openssl@3.4.0,CVE-2025-66199,in_range,CVSS:3.1/AV:N/AC:H/PR:N/UI:N/S:U/C:N/I:N/A:H,DEBIAN-CVE-2025-66199,Issue summary: A TLS 1.3 connection using certificate compression can be forced to allocate a large buffer before decomp
pkg:npm/relay-runtime,npm,76213,https://github.com/facebook/relay,compiler,openssl-src,300.4.1+3.4.0,openssl@3.4.0,CVE-2025-15468,in_range,CVSS:3.1/AV:N/AC:H/PR:N/UI:N/S:U/C:N/I:N/A:H,DEBIAN-CVE-2025-15468,Issue summary: If an application using the SSL_CIPHER_find() function in a QUIC protocol client or server receives an un
pkg:pypi/selenium,pypi,62210,https://github.com/seleniumhq/selenium,rust,bzip2-sys,0.1.13+1.0.8,bzip2@1.0.8,CVE-2026-42250,no_cpe,CVSS:4.0/AV:L/AC:L/AT:N/PR:N/UI:P/VC:N/VI:N/VA:L/SC:N/SI:N/SA:N/E:X/CR:X/IR:X/AR:X/MAV:X/MAC:X/MAT:X/MPR:X/MUI:X/MVC:X/MVI:X/MVA:X/MSC:X/MSI:X/MSA:X/S:X/AU:X/R:X/V:X/RE:X/U:X,DEBIAN-CVE-2026-42250 UBUNTU-CVE-2026-42250,"bzip2 contains an off‑by‑one error in the bzip2recover utility. When processing a specially crafted file, the applicatio"
pkg:pypi/selenium,pypi,62210,https://github.com/seleniumhq/selenium,rust,lzma-sys,0.1.20,xz@5.2.5,CVE-2025-31115,no_cpe,CVSS:4.0/AV:N/AC:L/AT:N/PR:N/UI:N/VC:N/VI:N/VA:H/SC:N/SI:N/SA:N/E:X/CR:X/IR:X/AR:X/MAV:X/MAC:X/MAT:X/MPR:X/MUI:X/MVC:X/MVI:X/MVA:X/MSC:X/MSI:X/MSA:X/S:X/AU:X/R:X/V:X/RE:X/U:X,ALPINE-CVE-2025-31115,"XZ Utils provide a general-purpose data-compression library plus command-line tools. In XZ Utils 5.3.3alpha to 5.8.0, th"
pkg:pypi/selenium,pypi,62210,https://github.com/seleniumhq/selenium,rust,lzma-sys,0.1.20,xz@5.2.5,CVE-2026-34743,in_range,CVSS:3.1/AV:N/AC:L/PR:N/UI:N/S:U/C:N/I:N/A:L,ALPINE-CVE-2026-34743,"XZ Utils provide a general-purpose data-compression library plus command-line tools. Prior to version 5.8.3, if lzma_ind"
pkg:cocoapods/Flipper,cocoapods,34784,https://github.com/facebook/flipper,packer,lzma-sys,0.1.20,xz@5.2.5,CVE-2025-31115,no_cpe,CVSS:4.0/AV:N/AC:L/AT:N/PR:N/UI:N/VC:N/VI:N/VA:H/SC:N/SI:N/SA:N/E:X/CR:X/IR:X/AR:X/MAV:X/MAC:X/MAT:X/MPR:X/MUI:X/MVC:X/MVI:X/MVA:X/MSC:X/MSI:X/MSA:X/S:X/AU:X/R:X/V:X/RE:X/U:X,ALPINE-CVE-2025-31115,"XZ Utils provide a general-purpose data-compression library plus command-line tools. In XZ Utils 5.3.3alpha to 5.8.0, th"
pkg:cocoapods/Flipper,cocoapods,34784,https://github.com/facebook/flipper,packer,lzma-sys,0.1.20,xz@5.2.5,CVE-2026-34743,in_range,CVSS:3.1/AV:N/AC:L/PR:N/UI:N/S:U/C:N/I:N/A:L,ALPINE-CVE-2026-34743,"XZ Utils provide a general-purpose data-compression library plus command-line tools. Prior to version 5.8.3, if lzma_ind"
pkg:cocoapods/FlipperKit,cocoapods,34782,https://github.com/facebook/flipper,packer,lzma-sys,0.1.20,xz@5.2.5,CVE-2026-34743,in_range,CVSS:3.1/AV:N/AC:L/PR:N/UI:N/S:U/C:N/I:N/A:L,ALPINE-CVE-2026-34743,"XZ Utils provide a general-purpose data-compression library plus command-line tools. Prior to version 5.8.3, if lzma_ind"
pkg:cocoapods/FlipperKit,cocoapods,34782,https://github.com/facebook/flipper,packer,lzma-sys,0.1.20,xz@5.2.5,CVE-2025-31115,no_cpe,CVSS:4.0/AV:N/AC:L/AT:N/PR:N/UI:N/VC:N/VI:N/VA:H/SC:N/SI:N/SA:N/E:X/CR:X/IR:X/AR:X/MAV:X/MAC:X/MAT:X/MPR:X/MUI:X/MVC:X/MVI:X/MVA:X/MSC:X/MSI:X/MSA:X/S:X/AU:X/R:X/V:X/RE:X/U:X,ALPINE-CVE-2025-31115,"XZ Utils provide a general-purpose data-compression library plus command-line tools. In XZ Utils 5.3.3alpha to 5.8.0, th"
pkg:npm/%40nrwl/devkit,npm,19290,https://github.com/nrwl/nx,.,libsqlite3-sys,0.30.1,sqlite3@3.46.0,CVE-2026-11824,in_range,CVSS:4.0/AV:L/AC:L/AT:N/PR:N/UI:P/VC:H/VI:H/VA:H/SC:N/SI:N/SA:N/E:X/CR:X/IR:X/AR:X/MAV:X/MAC:X/MAT:X/MPR:X/MUI:X/MVC:X/MVI:X/MVA:X/MSC:X/MSI:X/MSA:X/S:X/AU:X/R:X/V:X/RE:X/U:X,DEBIAN-CVE-2026-11824,SQLite before 3.53.2 contains a heap-based buffer overflow vulnerability in the FTS5 full-text search extension that all
pkg:npm/%40nrwl/devkit,npm,19290,https://github.com/nrwl/nx,.,libsqlite3-sys,0.30.1,sqlite3@3.46.0,CVE-2025-70873,in_range,CVSS:3.1/AV:N/AC:L/PR:N/UI:N/S:U/C:H/I:N/A:N,DEBIAN-CVE-2025-70873,An information disclosure issue in the zipfileInflate function in the zipfile extension in SQLite v3.51.1 and earlier al
pkg:npm/%40nrwl/devkit,npm,19290,https://github.com/nrwl/nx,.,libsqlite3-sys,0.30.1,sqlite3@3.46.0,CVE-2025-7709,no_cpe,CVSS:4.0/AV:N/AC:H/AT:P/PR:L/UI:A/VC:N/VI:H/VA:L/SC:N/SI:H/SA:L/E:X/CR:X/IR:X/AR:X/MAV:X/MAC:X/MAT:X/MPR:X/MUI:X/MVC:X/MVI:X/MVA:X/MSC:X/MSI:X/MSA:X/S:X/AU:X/R:X/V:X/RE:X/U:X,DEBIAN-CVE-2025-7709,An integer overflow exists in the  FTS5 https://sqlite.org/fts5.html  extension. It occurs when the size of an array of 
pkg:npm/%40nrwl/devkit,npm,19290,https://github.com/nrwl/nx,.,libsqlite3-sys,0.30.1,sqlite3@3.46.0,CVE-2026-11822,in_range,CVSS:4.0/AV:L/AC:L/AT:N/PR:N/UI:P/VC:H/VI:H/VA:H/SC:N/SI:N/SA:N/E:X/CR:X/IR:X/AR:X/MAV:X/MAC:X/MAT:X/MPR:X/MUI:X/MVC:X/MVI:X/MVA:X/MSC:X/MSI:X/MSA:X/S:X/AU:X/R:X/V:X/RE:X/U:X,DEBIAN-CVE-2026-11822,SQLite before 3.53.2 contains memory corruption vulnerabilities in the FTS5 full-text search extension that allow attack
pkg:npm/%40nrwl/devkit,npm,19290,https://github.com/nrwl/nx,.,libsqlite3-sys,0.30.1,sqlite3@3.46.0,CVE-2026-50812,no_cpe,CVSS:3.1/AV:L/AC:L/PR:L/UI:N/S:U/C:N/I:N/A:H,DEBIAN-CVE-2026-50812,A NULL pointer dereference in the SQLite Session Extension in SQLite 3.53.1 and SQLite trunk builds before check-in e807
pkg:npm/%40nrwl/devkit,npm,19290,https://github.com/nrwl/nx,.,libsqlite3-sys,0.30.1,sqlite3@3.46.0,CVE-2026-50813,no_cpe,CVSS:3.1/AV:L/AC:L/PR:N/UI:R/S:U/C:L/I:N/A:H,DEBIAN-CVE-2026-50813,An issue in SQLite before Fossil check-in 869a51ae84df allows a local attacker to obtain sensitive information via the S
pkg:npm/%40nrwl/devkit,npm,19290,https://github.com/nrwl/nx,.,libsqlite3-sys,0.30.1,sqlite3@3.46.0,CVE-2025-29087,in_range,CVSS:3.1/AV:N/AC:L/PR:N/UI:N/S:U/C:N/I:N/A:H,DEBIAN-CVE-2025-29087,"In SQLite 3.44.0 through 3.49.0 before 3.49.1, the concat_ws() SQL function can cause memory to be written beyond the en"
pkg:npm/%40nrwl/devkit,npm,19290,https://github.com/nrwl/nx,.,libsqlite3-sys,0.30.1,sqlite3@3.46.0,CVE-2025-3277,in_range,CVSS:3.1/AV:N/AC:L/PR:N/UI:N/S:U/C:H/I:H/A:H,DEBIAN-CVE-2025-3277,"An integer overflow can be triggered in SQLite’s `concat_ws()` function. The resulting, truncated integer is then used t"
pkg:npm/%40nrwl/devkit,npm,19290,https://github.com/nrwl/nx,.,libsqlite3-sys,0.30.1,sqlite3@3.46.0,CVE-2025-6965,in_range,CVSS:3.1/AV:N/AC:H/PR:L/UI:N/S:C/C:L/I:H/A:L,DEBIAN-CVE-2025-6965,There exists a vulnerability in SQLite versions before 3.50.2 where the number of aggregate terms could exceed the numbe
pkg:maven/org.seleniumhq.selenium/selenium-chrome-driver,maven,13871,https://github.com/seleniumhq/selenium,rust,bzip2-sys,0.1.13+1.0.8,bzip2@1.0.8,CVE-2026-42250,no_cpe,CVSS:4.0/AV:L/AC:L/AT:N/PR:N/UI:P/VC:N/VI:N/VA:L/SC:N/SI:N/SA:N/E:X/CR:X/IR:X/AR:X/MAV:X/MAC:X/MAT:X/MPR:X/MUI:X/MVC:X/MVI:X/MVA:X/MSC:X/MSI:X/MSA:X/S:X/AU:X/R:X/V:X/RE:X/U:X,DEBIAN-CVE-2026-42250 UBUNTU-CVE-2026-42250,"bzip2 contains an off‑by‑one error in the bzip2recover utility. When processing a specially crafted file, the applicatio"
pkg:maven/org.seleniumhq.selenium/selenium-chrome-driver,maven,13871,https://github.com/seleniumhq/selenium,rust,lzma-sys,0.1.20,xz@5.2.5,CVE-2026-34743,in_range,CVSS:3.1/AV:N/AC:L/PR:N/UI:N/S:U/C:N/I:N/A:L,ALPINE-CVE-2026-34743,"XZ Utils provide a general-purpose data-compression library plus command-line tools. Prior to version 5.8.3, if lzma_ind"
pkg:maven/org.seleniumhq.selenium/selenium-chrome-driver,maven,13871,https://github.com/seleniumhq/selenium,rust,lzma-sys,0.1.20,xz@5.2.5,CVE-2025-31115,no_cpe,CVSS:4.0/AV:N/AC:L/AT:N/PR:N/UI:N/VC:N/VI:N/VA:H/SC:N/SI:N/SA:N/E:X/CR:X/IR:X/AR:X/MAV:X/MAC:X/MAT:X/MPR:X/MUI:X/MVC:X/MVI:X/MVA:X/MSC:X/MSI:X/MSA:X/S:X/AU:X/R:X/V:X/RE:X/U:X,ALPINE-CVE-2025-31115,"XZ Utils provide a general-purpose data-compression library plus command-line tools. In XZ Utils 5.3.3alpha to 5.8.0, th"
pkg:maven/org.seleniumhq.selenium/selenium-server,maven,10765,https://github.com/seleniumhq/selenium,rust,bzip2-sys,0.1.13+1.0.8,bzip2@1.0.8,CVE-2026-42250,no_cpe,CVSS:4.0/AV:L/AC:L/AT:N/PR:N/UI:P/VC:N/VI:N/VA:L/SC:N/SI:N/SA:N/E:X/CR:X/IR:X/AR:X/MAV:X/MAC:X/MAT:X/MPR:X/MUI:X/MVC:X/MVI:X/MVA:X/MSC:X/MSI:X/MSA:X/S:X/AU:X/R:X/V:X/RE:X/U:X,DEBIAN-CVE-2026-42250 UBUNTU-CVE-2026-42250,"bzip2 contains an off‑by‑one error in the bzip2recover utility. When processing a specially crafted file, the applicatio"
pkg:maven/org.seleniumhq.selenium/selenium-server,maven,10765,https://github.com/seleniumhq/selenium,rust,lzma-sys,0.1.20,xz@5.2.5,CVE-2026-34743,in_range,CVSS:3.1/AV:N/AC:L/PR:N/UI:N/S:U/C:N/I:N/A:L,ALPINE-CVE-2026-34743,"XZ Utils provide a general-purpose data-compression library plus command-line tools. Prior to version 5.8.3, if lzma_ind"
pkg:maven/org.seleniumhq.selenium/selenium-server,maven,10765,https://github.com/seleniumhq/selenium,rust,lzma-sys,0.1.20,xz@5.2.5,CVE-2025-31115,no_cpe,CVSS:4.0/AV:N/AC:L/AT:N/PR:N/UI:N/VC:N/VI:N/VA:H/SC:N/SI:N/SA:N/E:X/CR:X/IR:X/AR:X/MAV:X/MAC:X/MAT:X/MPR:X/MUI:X/MVC:X/MVI:X/MVA:X/MSC:X/MSI:X/MSA:X/S:X/AU:X/R:X/V:X/RE:X/U:X,ALPINE-CVE-2025-31115,"XZ Utils provide a general-purpose data-compression library plus command-line tools. In XZ Utils 5.3.3alpha to 5.8.0, th"
pkg:maven/org.seleniumhq.selenium/selenium-firefox-driver,maven,10500,https://github.com/seleniumhq/selenium,rust,bzip2-sys,0.1.13+1.0.8,bzip2@1.0.8,CVE-2026-42250,no_cpe,CVSS:4.0/AV:L/AC:L/AT:N/PR:N/UI:P/VC:N/VI:N/VA:L/SC:N/SI:N/SA:N/E:X/CR:X/IR:X/AR:X/MAV:X/MAC:X/MAT:X/MPR:X/MUI:X/MVC:X/MVI:X/MVA:X/MSC:X/MSI:X/MSA:X/S:X/AU:X/R:X/V:X/RE:X/U:X,DEBIAN-CVE-2026-42250 UBUNTU-CVE-2026-42250,"bzip2 contains an off‑by‑one error in the bzip2recover utility. When processing a specially crafted file, the applicatio"
pkg:maven/org.seleniumhq.selenium/selenium-firefox-driver,maven,10500,https://github.com/seleniumhq/selenium,rust,lzma-sys,0.1.20,xz@5.2.5,CVE-2025-31115,no_cpe,CVSS:4.0/AV:N/AC:L/AT:N/PR:N/UI:N/VC:N/VI:N/VA:H/SC:N/SI:N/SA:N/E:X/CR:X/IR:X/AR:X/MAV:X/MAC:X/MAT:X/MPR:X/MUI:X/MVC:X/MVI:X/MVA:X/MSC:X/MSI:X/MSA:X/S:X/AU:X/R:X/V:X/RE:X/U:X,ALPINE-CVE-2025-31115,"XZ Utils provide a general-purpose data-compression library plus command-line tools. In XZ Utils 5.3.3alpha to 5.8.0, th"
pkg:maven/org.seleniumhq.selenium/selenium-firefox-driver,maven,10500,https://github.com/seleniumhq/selenium,rust,lzma-sys,0.1.20,xz@5.2.5,CVE-2026-34743,in_range,CVSS:3.1/AV:N/AC:L/PR:N/UI:N/S:U/C:N/I:N/A:L,ALPINE-CVE-2026-34743,"XZ Utils provide a general-purpose data-compression library plus command-line tools. Prior to version 5.8.3, if lzma_ind"
pkg:maven/org.seleniumhq.selenium/selenium-support,maven,8655,https://github.com/seleniumhq/selenium,rust,bzip2-sys,0.1.13+1.0.8,bzip2@1.0.8,CVE-2026-42250,no_cpe,CVSS:4.0/AV:L/AC:L/AT:N/PR:N/UI:P/VC:N/VI:N/VA:L/SC:N/SI:N/SA:N/E:X/CR:X/IR:X/AR:X/MAV:X/MAC:X/MAT:X/MPR:X/MUI:X/MVC:X/MVI:X/MVA:X/MSC:X/MSI:X/MSA:X/S:X/AU:X/R:X/V:X/RE:X/U:X,DEBIAN-CVE-2026-42250 UBUNTU-CVE-2026-42250,"bzip2 contains an off‑by‑one error in the bzip2recover utility. When processing a specially crafted file, the applicatio"
pkg:maven/org.seleniumhq.selenium/selenium-support,maven,8655,https://github.com/seleniumhq/selenium,rust,lzma-sys,0.1.20,xz@5.2.5,CVE-2026-34743,in_range,CVSS:3.1/AV:N/AC:L/PR:N/UI:N/S:U/C:N/I:N/A:L,ALPINE-CVE-2026-34743,"XZ Utils provide a general-purpose data-compression library plus command-line tools. Prior to version 5.8.3, if lzma_ind"
pkg:maven/org.seleniumhq.selenium/selenium-support,maven,8655,https://github.com/seleniumhq/selenium,rust,lzma-sys,0.1.20,xz@5.2.5,CVE-2025-31115,no_cpe,CVSS:4.0/AV:N/AC:L/AT:N/PR:N/UI:N/VC:N/VI:N/VA:H/SC:N/SI:N/SA:N/E:X/CR:X/IR:X/AR:X/MAV:X/MAC:X/MAT:X/MPR:X/MUI:X/MVC:X/MVI:X/MVA:X/MSC:X/MSI:X/MSA:X/S:X/AU:X/R:X/V:X/RE:X/U:X,ALPINE-CVE-2025-31115,"XZ Utils provide a general-purpose data-compression library plus command-line tools. In XZ Utils 5.3.3alpha to 5.8.0, th"
pkg:maven/org.seleniumhq.selenium/selenium-api,maven,7759,https://github.com/seleniumhq/selenium,rust,bzip2-sys,0.1.13+1.0.8,bzip2@1.0.8,CVE-2026-42250,no_cpe,CVSS:4.0/AV:L/AC:L/AT:N/PR:N/UI:P/VC:N/VI:N/VA:L/SC:N/SI:N/SA:N/E:X/CR:X/IR:X/AR:X/MAV:X/MAC:X/MAT:X/MPR:X/MUI:X/MVC:X/MVI:X/MVA:X/MSC:X/MSI:X/MSA:X/S:X/AU:X/R:X/V:X/RE:X/U:X,DEBIAN-CVE-2026-42250 UBUNTU-CVE-2026-42250,"bzip2 contains an off‑by‑one error in the bzip2recover utility. When processing a specially crafted file, the applicatio"
pkg:maven/org.seleniumhq.selenium/selenium-api,maven,7759,https://github.com/seleniumhq/selenium,rust,lzma-sys,0.1.20,xz@5.2.5,CVE-2025-31115,no_cpe,CVSS:4.0/AV:N/AC:L/AT:N/PR:N/UI:N/VC:N/VI:N/VA:H/SC:N/SI:N/SA:N/E:X/CR:X/IR:X/AR:X/MAV:X/MAC:X/MAT:X/MPR:X/MUI:X/MVC:X/MVI:X/MVA:X/MSC:X/MSI:X/MSA:X/S:X/AU:X/R:X/V:X/RE:X/U:X,ALPINE-CVE-2025-31115,"XZ Utils provide a general-purpose data-compression library plus command-line tools. In XZ Utils 5.3.3alpha to 5.8.0, th"
pkg:maven/org.seleniumhq.selenium/selenium-api,maven,7759,https://github.com/seleniumhq/selenium,rust,lzma-sys,0.1.20,xz@5.2.5,CVE-2026-34743,in_range,CVSS:3.1/AV:N/AC:L/PR:N/UI:N/S:U/C:N/I:N/A:L,ALPINE-CVE-2026-34743,"XZ Utils provide a general-purpose data-compression library plus command-line tools. Prior to version 5.8.3, if lzma_ind"
pkg:maven/org.seleniumhq.selenium/selenium-remote-driver,maven,6810,https://github.com/seleniumhq/selenium,rust,bzip2-sys,0.1.13+1.0.8,bzip2@1.0.8,CVE-2026-42250,no_cpe,CVSS:4.0/AV:L/AC:L/AT:N/PR:N/UI:P/VC:N/VI:N/VA:L/SC:N/SI:N/SA:N/E:X/CR:X/IR:X/AR:X/MAV:X/MAC:X/MAT:X/MPR:X/MUI:X/MVC:X/MVI:X/MVA:X/MSC:X/MSI:X/MSA:X/S:X/AU:X/R:X/V:X/RE:X/U:X,DEBIAN-CVE-2026-42250 UBUNTU-CVE-2026-42250,"bzip2 contains an off‑by‑one error in the bzip2recover utility. When processing a specially crafted file, the applicatio"
pkg:maven/org.seleniumhq.selenium/selenium-remote-driver,maven,6810,https://github.com/seleniumhq/selenium,rust,lzma-sys,0.1.20,xz@5.2.5,CVE-2026-34743,in_range,CVSS:3.1/AV:N/AC:L/PR:N/UI:N/S:U/C:N/I:N/A:L,ALPINE-CVE-2026-34743,"XZ Utils provide a general-purpose data-compression library plus command-line tools. Prior to version 5.8.3, if lzma_ind"
pkg:maven/org.seleniumhq.selenium/selenium-remote-driver,maven,6810,https://github.com/seleniumhq/selenium,rust,lzma-sys,0.1.20,xz@5.2.5,CVE-2025-31115,no_cpe,CVSS:4.0/AV:N/AC:L/AT:N/PR:N/UI:N/VC:N/VI:N/VA:H/SC:N/SI:N/SA:N/E:X/CR:X/IR:X/AR:X/MAV:X/MAC:X/MAT:X/MPR:X/MUI:X/MVC:X/MVI:X/MVA:X/MSC:X/MSI:X/MSA:X/S:X/AU:X/R:X/V:X/RE:X/U:X,ALPINE-CVE-2025-31115,"XZ Utils provide a general-purpose data-compression library plus command-line tools. In XZ Utils 5.3.3alpha to 5.8.0, th"
pkg:pypi/chromadb,pypi,6246,https://github.com/chroma-core/chroma,.,libsqlite3-sys,0.30.1,sqlite3@3.46.0,CVE-2026-50812,no_cpe,CVSS:3.1/AV:L/AC:L/PR:L/UI:N/S:U/C:N/I:N/A:H,DEBIAN-CVE-2026-50812,A NULL pointer dereference in the SQLite Session Extension in SQLite 3.53.1 and SQLite trunk builds before check-in e807
pkg:pypi/chromadb,pypi,6246,https://github.com/chroma-core/chroma,.,libsqlite3-sys,0.30.1,sqlite3@3.46.0,CVE-2025-70873,in_range,CVSS:3.1/AV:N/AC:L/PR:N/UI:N/S:U/C:H/I:N/A:N,DEBIAN-CVE-2025-70873,An information disclosure issue in the zipfileInflate function in the zipfile extension in SQLite v3.51.1 and earlier al
pkg:pypi/chromadb,pypi,6246,https://github.com/chroma-core/chroma,.,libsqlite3-sys,0.30.1,sqlite3@3.46.0,CVE-2025-7709,no_cpe,CVSS:4.0/AV:N/AC:H/AT:P/PR:L/UI:A/VC:N/VI:H/VA:L/SC:N/SI:H/SA:L/E:X/CR:X/IR:X/AR:X/MAV:X/MAC:X/MAT:X/MPR:X/MUI:X/MVC:X/MVI:X/MVA:X/MSC:X/MSI:X/MSA:X/S:X/AU:X/R:X/V:X/RE:X/U:X,DEBIAN-CVE-2025-7709,An integer overflow exists in the  FTS5 https://sqlite.org/fts5.html  extension. It occurs when the size of an array of 
pkg:pypi/chromadb,pypi,6246,https://github.com/chroma-core/chroma,.,libsqlite3-sys,0.30.1,sqlite3@3.46.0,CVE-2026-11822,in_range,CVSS:4.0/AV:L/AC:L/AT:N/PR:N/UI:P/VC:H/VI:H/VA:H/SC:N/SI:N/SA:N/E:X/CR:X/IR:X/AR:X/MAV:X/MAC:X/MAT:X/MPR:X/MUI:X/MVC:X/MVI:X/MVA:X/MSC:X/MSI:X/MSA:X/S:X/AU:X/R:X/V:X/RE:X/U:X,DEBIAN-CVE-2026-11822,SQLite before 3.53.2 contains memory corruption vulnerabilities in the FTS5 full-text search extension that allow attack
pkg:pypi/chromadb,pypi,6246,https://github.com/chroma-core/chroma,.,libsqlite3-sys,0.30.1,sqlite3@3.46.0,CVE-2026-11824,in_range,CVSS:4.0/AV:L/AC:L/AT:N/PR:N/UI:P/VC:H/VI:H/VA:H/SC:N/SI:N/SA:N/E:X/CR:X/IR:X/AR:X/MAV:X/MAC:X/MAT:X/MPR:X/MUI:X/MVC:X/MVI:X/MVA:X/MSC:X/MSI:X/MSA:X/S:X/AU:X/R:X/V:X/RE:X/U:X,DEBIAN-CVE-2026-11824,SQLite before 3.53.2 contains a heap-based buffer overflow vulnerability in the FTS5 full-text search extension that all
pkg:pypi/chromadb,pypi,6246,https://github.com/chroma-core/chroma,.,libsqlite3-sys,0.30.1,sqlite3@3.46.0,CVE-2025-6965,in_range,CVSS:3.1/AV:N/AC:H/PR:L/UI:N/S:C/C:L/I:H/A:L,DEBIAN-CVE-2025-6965,There exists a vulnerability in SQLite versions before 3.50.2 where the number of aggregate terms could exceed the numbe
pkg:pypi/chromadb,pypi,6246,https://github.com/chroma-core/chroma,.,libsqlite3-sys,0.30.1,sqlite3@3.46.0,CVE-2025-3277,in_range,CVSS:3.1/AV:N/AC:L/PR:N/UI:N/S:U/C:H/I:H/A:H,DEBIAN-CVE-2025-3277,"An integer overflow can be triggered in SQLite’s `concat_ws()` function. The resulting, truncated integer is then used t"
pkg:pypi/chromadb,pypi,6246,https://github.com/chroma-core/chroma,.,libsqlite3-sys,0.30.1,sqlite3@3.46.0,CVE-2025-29087,in_range,CVSS:3.1/AV:N/AC:L/PR:N/UI:N/S:U/C:N/I:N/A:H,DEBIAN-CVE-2025-29087,"In SQLite 3.44.0 through 3.49.0 before 3.49.1, the concat_ws() SQL function can cause memory to be written beyond the en"
pkg:pypi/chromadb,pypi,6246,https://github.com/chroma-core/chroma,.,libsqlite3-sys,0.30.1,sqlite3@3.46.0,CVE-2026-50813,no_cpe,CVSS:3.1/AV:L/AC:L/PR:N/UI:R/S:U/C:L/I:N/A:H,DEBIAN-CVE-2026-50813,An issue in SQLite before Fossil check-in 869a51ae84df allows a local attacker to obtain sensitive information via the S
pkg:npm/pnpm,npm,2954,https://github.com/pnpm/pnpm,.,libsqlite3-sys,0.37.0,sqlite3@3.51.3,CVE-2026-11824,in_range,CVSS:4.0/AV:L/AC:L/AT:N/PR:N/UI:P/VC:H/VI:H/VA:H/SC:N/SI:N/SA:N/E:X/CR:X/IR:X/AR:X/MAV:X/MAC:X/MAT:X/MPR:X/MUI:X/MVC:X/MVI:X/MVA:X/MSC:X/MSI:X/MSA:X/S:X/AU:X/R:X/V:X/RE:X/U:X,DEBIAN-CVE-2026-11824,SQLite before 3.53.2 contains a heap-based buffer overflow vulnerability in the FTS5 full-text search extension that all
pkg:npm/pnpm,npm,2954,https://github.com/pnpm/pnpm,.,libsqlite3-sys,0.37.0,sqlite3@3.51.3,CVE-2026-11822,in_range,CVSS:4.0/AV:L/AC:L/AT:N/PR:N/UI:P/VC:H/VI:H/VA:H/SC:N/SI:N/SA:N/E:X/CR:X/IR:X/AR:X/MAV:X/MAC:X/MAT:X/MPR:X/MUI:X/MVC:X/MVI:X/MVA:X/MSC:X/MSI:X/MSA:X/S:X/AU:X/R:X/V:X/RE:X/U:X,DEBIAN-CVE-2026-11822,SQLite before 3.53.2 contains memory corruption vulnerabilities in the FTS5 full-text search extension that allow attack
pkg:npm/pnpm,npm,2954,https://github.com/pnpm/pnpm,.,libsqlite3-sys,0.37.0,sqlite3@3.51.3,CVE-2025-7709,no_cpe,CVSS:4.0/AV:N/AC:H/AT:P/PR:L/UI:A/VC:N/VI:H/VA:L/SC:N/SI:H/SA:L/E:X/CR:X/IR:X/AR:X/MAV:X/MAC:X/MAT:X/MPR:X/MUI:X/MVC:X/MVI:X/MVA:X/MSC:X/MSI:X/MSA:X/S:X/AU:X/R:X/V:X/RE:X/U:X,DEBIAN-CVE-2025-7709,An integer overflow exists in the  FTS5 https://sqlite.org/fts5.html  extension. It occurs when the size of an array of 
pkg:npm/pnpm,npm,2954,https://github.com/pnpm/pnpm,.,libsqlite3-sys,0.37.0,sqlite3@3.51.3,CVE-2026-50813,no_cpe,CVSS:3.1/AV:L/AC:L/PR:N/UI:R/S:U/C:L/I:N/A:H,DEBIAN-CVE-2026-50813,An issue in SQLite before Fossil check-in 869a51ae84df allows a local attacker to obtain sensitive information via the S
pkg:npm/pnpm,npm,2954,https://github.com/pnpm/pnpm,.,libsqlite3-sys,0.37.0,sqlite3@3.51.3,CVE-2026-50812,no_cpe,CVSS:3.1/AV:L/AC:L/PR:L/UI:N/S:U/C:N/I:N/A:H,DEBIAN-CVE-2026-50812,A NULL pointer dereference in the SQLite Session Extension in SQLite 3.53.1 and SQLite trunk builds before check-in e807
pkg:pypi/maturin,pypi,486,https://github.com/pyo3/maturin,test-crates/lib_with_disallowed_lib,libz-sys,1.1.18,zlib@1.3.1,CVE-2026-27171,in_range,CVSS:3.1/AV:L/AC:L/PR:L/UI:N/S:U/C:N/I:N/A:H,DEBIAN-CVE-2026-27171 ALPINE-CVE-2026-27171 UBUNTU-CVE-2026-27171,zlib before 1.3.2 allows CPU consumption via crc32_combine64 and crc32_combine_gen64 because x2nmodp can do right shifts
pkg:pypi/maturin,pypi,486,https://github.com/pyo3/maturin,test-crates/lib_with_disallowed_lib,libz-sys,1.1.2,zlib@1.2.11,CVE-2026-22184,in_range,CVSS:3.1/AV:L/AC:L/PR:L/UI:N/S:U/C:H/I:H/A:H,DEBIAN-CVE-2026-22184 ALPINE-CVE-2026-22184,zlib versions up to and including 1.3.1.2 include a global buffer overflow in the untgz utility located under contrib/un
pkg:pypi/maturin,pypi,486,https://github.com/pyo3/maturin,test-crates/lib_with_disallowed_lib,libz-sys,1.1.2,zlib@1.2.11,CVE-2022-37434,in_range,CVSS:3.1/AV:N/AC:L/PR:N/UI:N/S:U/C:H/I:H/A:H,DEBIAN-CVE-2022-37434 ALPINE-CVE-2022-37434,zlib through 1.2.12 has a heap-based buffer over-read or buffer overflow in inflate in inflate.c via a large gzip header
pkg:pypi/maturin,pypi,486,https://github.com/pyo3/maturin,test-crates/lib_with_disallowed_lib,libz-sys,1.1.2,zlib@1.2.11,CVE-2018-25032,in_range,CVSS:3.1/AV:N/AC:L/PR:N/UI:N/S:U/C:N/I:N/A:H,DEBIAN-CVE-2018-25032 ALPINE-CVE-2018-25032,"zlib before 1.2.12 allows memory corruption when deflating (i.e., when compressing) if the input has many distant matche"
pkg:pypi/maturin,pypi,486,https://github.com/pyo3/maturin,test-crates/lib_with_disallowed_lib,libz-sys,1.1.2,zlib@1.2.11,CVE-2023-45853,in_range,CVSS:3.1/AV:N/AC:L/PR:N/UI:N/S:U/C:H/I:H/A:H,DEBIAN-CVE-2023-45853,MiniZip in zlib through 1.3 has an integer overflow and resultant heap-based buffer overflow in zipOpenNewFileInZip4_64 
pkg:pypi/maturin,pypi,486,https://github.com/pyo3/maturin,test-crates/lib_with_disallowed_lib,libz-sys,1.1.18,zlib@1.3.1,CVE-2026-22184,in_range,CVSS:3.1/AV:L/AC:L/PR:L/UI:N/S:U/C:H/I:H/A:H,DEBIAN-CVE-2026-22184 ALPINE-CVE-2026-22184,zlib versions up to and including 1.3.1.2 include a global buffer overflow in the untgz utility located under contrib/un
pkg:pypi/maturin,pypi,486,https://github.com/pyo3/maturin,.,lzma-sys,0.1.20,xz@5.2.5,CVE-2026-34743,in_range,CVSS:3.1/AV:N/AC:L/PR:N/UI:N/S:U/C:N/I:N/A:L,ALPINE-CVE-2026-34743,"XZ Utils provide a general-purpose data-compression library plus command-line tools. Prior to version 5.8.3, if lzma_ind"
pkg:pypi/maturin,pypi,486,https://github.com/pyo3/maturin,.,lzma-sys,0.1.20,xz@5.2.5,CVE-2025-31115,no_cpe,CVSS:4.0/AV:N/AC:L/AT:N/PR:N/UI:N/VC:N/VI:N/VA:H/SC:N/SI:N/SA:N/E:X/CR:X/IR:X/AR:X/MAV:X/MAC:X/MAT:X/MPR:X/MUI:X/MVC:X/MVI:X/MVA:X/MSC:X/MSI:X/MSA:X/S:X/AU:X/R:X/V:X/RE:X/U:X,ALPINE-CVE-2025-31115,"XZ Utils provide a general-purpose data-compression library plus command-line tools. In XZ Utils 5.3.3alpha to 5.8.0, th"
pkg:pypi/lancedb,pypi,453,https://github.com/lancedb/lancedb,.,lzma-sys,0.1.20,xz@5.2.5,CVE-2026-34743,in_range,CVSS:3.1/AV:N/AC:L/PR:N/UI:N/S:U/C:N/I:N/A:L,ALPINE-CVE-2026-34743,"XZ Utils provide a general-purpose data-compression library plus command-line tools. Prior to version 5.8.3, if lzma_ind"
pkg:pypi/lancedb,pypi,453,https://github.com/lancedb/lancedb,.,lzma-sys,0.1.20,xz@5.2.5,CVE-2025-31115,no_cpe,CVSS:4.0/AV:N/AC:L/AT:N/PR:N/UI:N/VC:N/VI:N/VA:H/SC:N/SI:N/SA:N/E:X/CR:X/IR:X/AR:X/MAV:X/MAC:X/MAT:X/MPR:X/MUI:X/MVC:X/MVI:X/MVA:X/MSC:X/MSI:X/MSA:X/S:X/AU:X/R:X/V:X/RE:X/U:X,ALPINE-CVE-2025-31115,"XZ Utils provide a general-purpose data-compression library plus command-line tools. In XZ Utils 5.3.3alpha to 5.8.0, th"
pkg:pypi/cramjam,pypi,379,https://github.com/milesgranger/cramjam,.,blosc2-rs,0.4.0+2.15.2,c-blosc2@2.15.2,CVE-2025-29476,no_cpe,CVSS:3.1/AV:N/AC:L/PR:L/UI:R/S:U/C:L/I:L/A:L,DEBIAN-CVE-2025-29476 UBUNTU-CVE-2025-29476,Buffer Overflow vulnerability in compress_chunk_fuzzer with oss-fuzz on commit 16450518afddcb3139de627157208e49bfef6987 
pkg:pypi/cramjam,pypi,379,https://github.com/milesgranger/cramjam,.,blosc2-sys,0.4.0+2.15.2,c-blosc2@2.15.2,CVE-2025-29476,no_cpe,CVSS:3.1/AV:N/AC:L/PR:L/UI:R/S:U/C:L/I:L/A:L,DEBIAN-CVE-2025-29476 UBUNTU-CVE-2025-29476,Buffer Overflow vulnerability in compress_chunk_fuzzer with oss-fuzz on commit 16450518afddcb3139de627157208e49bfef6987 
pkg:pypi/cramjam,pypi,379,https://github.com/milesgranger/cramjam,.,bzip2-sys,0.1.13+1.0.8,bzip2@1.0.8,CVE-2026-42250,no_cpe,CVSS:4.0/AV:L/AC:L/AT:N/PR:N/UI:P/VC:N/VI:N/VA:L/SC:N/SI:N/SA:N/E:X/CR:X/IR:X/AR:X/MAV:X/MAC:X/MAT:X/MPR:X/MUI:X/MVC:X/MVI:X/MVA:X/MSC:X/MSI:X/MSA:X/S:X/AU:X/R:X/V:X/RE:X/U:X,DEBIAN-CVE-2026-42250 UBUNTU-CVE-2026-42250,"bzip2 contains an off‑by‑one error in the bzip2recover utility. When processing a specially crafted file, the applicatio"
pkg:pypi/cramjam,pypi,379,https://github.com/milesgranger/cramjam,.,lzma-sys,0.1.20,xz@5.2.5,CVE-2026-34743,in_range,CVSS:3.1/AV:N/AC:L/PR:N/UI:N/S:U/C:N/I:N/A:L,ALPINE-CVE-2026-34743,"XZ Utils provide a general-purpose data-compression library plus command-line tools. Prior to version 5.8.3, if lzma_ind"
pkg:pypi/cramjam,pypi,379,https://github.com/milesgranger/cramjam,.,lzma-sys,0.1.20,xz@5.2.5,CVE-2025-31115,no_cpe,CVSS:4.0/AV:N/AC:L/AT:N/PR:N/UI:N/VC:N/VI:N/VA:H/SC:N/SI:N/SA:N/E:X/CR:X/IR:X/AR:X/MAV:X/MAC:X/MAT:X/MPR:X/MUI:X/MVC:X/MVI:X/MVA:X/MSC:X/MSI:X/MSA:X/S:X/AU:X/R:X/V:X/RE:X/U:X,ALPINE-CVE-2025-31115,"XZ Utils provide a general-purpose data-compression library plus command-line tools. In XZ Utils 5.3.3alpha to 5.8.0, th"
pkg:hex/ockam,hex,17,https://github.com/build-trust/ockam,.,libsqlite3-sys,0.30.1,sqlite3@3.46.0,CVE-2026-50813,no_cpe,CVSS:3.1/AV:L/AC:L/PR:N/UI:R/S:U/C:L/I:N/A:H,DEBIAN-CVE-2026-50813,An issue in SQLite before Fossil check-in 869a51ae84df allows a local attacker to obtain sensitive information via the S
pkg:hex/ockam,hex,17,https://github.com/build-trust/ockam,.,libsqlite3-sys,0.30.1,sqlite3@3.46.0,CVE-2026-11822,in_range,CVSS:4.0/AV:L/AC:L/AT:N/PR:N/UI:P/VC:H/VI:H/VA:H/SC:N/SI:N/SA:N/E:X/CR:X/IR:X/AR:X/MAV:X/MAC:X/MAT:X/MPR:X/MUI:X/MVC:X/MVI:X/MVA:X/MSC:X/MSI:X/MSA:X/S:X/AU:X/R:X/V:X/RE:X/U:X,DEBIAN-CVE-2026-11822,SQLite before 3.53.2 contains memory corruption vulnerabilities in the FTS5 full-text search extension that allow attack
pkg:hex/ockam,hex,17,https://github.com/build-trust/ockam,.,libsqlite3-sys,0.30.1,sqlite3@3.46.0,CVE-2025-7709,no_cpe,CVSS:4.0/AV:N/AC:H/AT:P/PR:L/UI:A/VC:N/VI:H/VA:L/SC:N/SI:H/SA:L/E:X/CR:X/IR:X/AR:X/MAV:X/MAC:X/MAT:X/MPR:X/MUI:X/MVC:X/MVI:X/MVA:X/MSC:X/MSI:X/MSA:X/S:X/AU:X/R:X/V:X/RE:X/U:X,DEBIAN-CVE-2025-7709,An integer overflow exists in the  FTS5 https://sqlite.org/fts5.html  extension. It occurs when the size of an array of 
pkg:hex/ockam,hex,17,https://github.com/build-trust/ockam,.,libsqlite3-sys,0.30.1,sqlite3@3.46.0,CVE-2025-70873,in_range,CVSS:3.1/AV:N/AC:L/PR:N/UI:N/S:U/C:H/I:N/A:N,DEBIAN-CVE-2025-70873,An information disclosure issue in the zipfileInflate function in the zipfile extension in SQLite v3.51.1 and earlier al
pkg:hex/ockam,hex,17,https://github.com/build-trust/ockam,.,libsqlite3-sys,0.30.1,sqlite3@3.46.0,CVE-2026-50812,no_cpe,CVSS:3.1/AV:L/AC:L/PR:L/UI:N/S:U/C:N/I:N/A:H,DEBIAN-CVE-2026-50812,A NULL pointer dereference in the SQLite Session Extension in SQLite 3.53.1 and SQLite trunk builds before check-in e807
pkg:hex/ockam,hex,17,https://github.com/build-trust/ockam,.,libsqlite3-sys,0.30.1,sqlite3@3.46.0,CVE-2026-11824,in_range,CVSS:4.0/AV:L/AC:L/AT:N/PR:N/UI:P/VC:H/VI:H/VA:H/SC:N/SI:N/SA:N/E:X/CR:X/IR:X/AR:X/MAV:X/MAC:X/MAT:X/MPR:X/MUI:X/MVC:X/MVI:X/MVA:X/MSC:X/MSI:X/MSA:X/S:X/AU:X/R:X/V:X/RE:X/U:X,DEBIAN-CVE-2026-11824,SQLite before 3.53.2 contains a heap-based buffer overflow vulnerability in the FTS5 full-text search extension that all
pkg:hex/ockam,hex,17,https://github.com/build-trust/ockam,.,libsqlite3-sys,0.30.1,sqlite3@3.46.0,CVE-2025-29087,in_range,CVSS:3.1/AV:N/AC:L/PR:N/UI:N/S:U/C:N/I:N/A:H,DEBIAN-CVE-2025-29087,"In SQLite 3.44.0 through 3.49.0 before 3.49.1, the concat_ws() SQL function can cause memory to be written beyond the en"
pkg:hex/ockam,hex,17,https://github.com/build-trust/ockam,.,libsqlite3-sys,0.30.1,sqlite3@3.46.0,CVE-2025-3277,in_range,CVSS:3.1/AV:N/AC:L/PR:N/UI:N/S:U/C:H/I:H/A:H,DEBIAN-CVE-2025-3277,"An integer overflow can be triggered in SQLite’s `concat_ws()` function. The resulting, truncated integer is then used t"
pkg:hex/ockam,hex,17,https://github.com/build-trust/ockam,.,libsqlite3-sys,0.30.1,sqlite3@3.46.0,CVE-2025-6965,in_range,CVSS:3.1/AV:N/AC:H/PR:L/UI:N/S:C/C:L/I:H/A:L,DEBIAN-CVE-2025-6965,There exists a vulnerability in SQLite versions before 3.50.2 where the number of aggregate terms could exceed the numbe
pkg:hex/ockam_vault_software,hex,17,https://github.com/build-trust/ockam,.,libsqlite3-sys,0.30.1,sqlite3@3.46.0,CVE-2026-50813,no_cpe,CVSS:3.1/AV:L/AC:L/PR:N/UI:R/S:U/C:L/I:N/A:H,DEBIAN-CVE-2026-50813,An issue in SQLite before Fossil check-in 869a51ae84df allows a local attacker to obtain sensitive information via the S
pkg:hex/ockam_vault_software,hex,17,https://github.com/build-trust/ockam,.,libsqlite3-sys,0.30.1,sqlite3@3.46.0,CVE-2025-70873,in_range,CVSS:3.1/AV:N/AC:L/PR:N/UI:N/S:U/C:H/I:N/A:N,DEBIAN-CVE-2025-70873,An information disclosure issue in the zipfileInflate function in the zipfile extension in SQLite v3.51.1 and earlier al
pkg:hex/ockam_vault_software,hex,17,https://github.com/build-trust/ockam,.,libsqlite3-sys,0.30.1,sqlite3@3.46.0,CVE-2026-11822,in_range,CVSS:4.0/AV:L/AC:L/AT:N/PR:N/UI:P/VC:H/VI:H/VA:H/SC:N/SI:N/SA:N/E:X/CR:X/IR:X/AR:X/MAV:X/MAC:X/MAT:X/MPR:X/MUI:X/MVC:X/MVI:X/MVA:X/MSC:X/MSI:X/MSA:X/S:X/AU:X/R:X/V:X/RE:X/U:X,DEBIAN-CVE-2026-11822,SQLite before 3.53.2 contains memory corruption vulnerabilities in the FTS5 full-text search extension that allow attack
pkg:hex/ockam_vault_software,hex,17,https://github.com/build-trust/ockam,.,libsqlite3-sys,0.30.1,sqlite3@3.46.0,CVE-2025-7709,no_cpe,CVSS:4.0/AV:N/AC:H/AT:P/PR:L/UI:A/VC:N/VI:H/VA:L/SC:N/SI:H/SA:L/E:X/CR:X/IR:X/AR:X/MAV:X/MAC:X/MAT:X/MPR:X/MUI:X/MVC:X/MVI:X/MVA:X/MSC:X/MSI:X/MSA:X/S:X/AU:X/R:X/V:X/RE:X/U:X,DEBIAN-CVE-2025-7709,An integer overflow exists in the  FTS5 https://sqlite.org/fts5.html  extension. It occurs when the size of an array of 
pkg:hex/ockam_vault_software,hex,17,https://github.com/build-trust/ockam,.,libsqlite3-sys,0.30.1,sqlite3@3.46.0,CVE-2025-6965,in_range,CVSS:3.1/AV:N/AC:H/PR:L/UI:N/S:C/C:L/I:H/A:L,DEBIAN-CVE-2025-6965,There exists a vulnerability in SQLite versions before 3.50.2 where the number of aggregate terms could exceed the numbe
pkg:hex/ockam_vault_software,hex,17,https://github.com/build-trust/ockam,.,libsqlite3-sys,0.30.1,sqlite3@3.46.0,CVE-2025-3277,in_range,CVSS:3.1/AV:N/AC:L/PR:N/UI:N/S:U/C:H/I:H/A:H,DEBIAN-CVE-2025-3277,"An integer overflow can be triggered in SQLite’s `concat_ws()` function. The resulting, truncated integer is then used t"
pkg:hex/ockam_vault_software,hex,17,https://github.com/build-trust/ockam,.,libsqlite3-sys,0.30.1,sqlite3@3.46.0,CVE-2025-29087,in_range,CVSS:3.1/AV:N/AC:L/PR:N/UI:N/S:U/C:N/I:N/A:H,DEBIAN-CVE-2025-29087,"In SQLite 3.44.0 through 3.49.0 before 3.49.1, the concat_ws() SQL function can cause memory to be written beyond the en"
pkg:hex/ockam_vault_software,hex,17,https://github.com/build-trust/ockam,.,libsqlite3-sys,0.30.1,sqlite3@3.46.0,CVE-2026-50812,no_cpe,CVSS:3.1/AV:L/AC:L/PR:L/UI:N/S:U/C:N/I:N/A:H,DEBIAN-CVE-2026-50812,A NULL pointer dereference in the SQLite Session Extension in SQLite 3.53.1 and SQLite trunk builds before check-in e807
pkg:hex/ockam_vault_software,hex,17,https://github.com/build-trust/ockam,.,libsqlite3-sys,0.30.1,sqlite3@3.46.0,CVE-2026-11824,in_range,CVSS:4.0/AV:L/AC:L/AT:N/PR:N/UI:P/VC:H/VI:H/VA:H/SC:N/SI:N/SA:N/E:X/CR:X/IR:X/AR:X/MAV:X/MAC:X/MAT:X/MPR:X/MUI:X/MVC:X/MVI:X/MVA:X/MSC:X/MSI:X/MSA:X/S:X/AU:X/R:X/V:X/RE:X/U:X,DEBIAN-CVE-2026-11824,SQLite before 3.53.2 contains a heap-based buffer overflow vulnerability in the FTS5 full-text search extension that all
pkg:hex/imageflow,hex,1,https://github.com/naps62/imageflow_ex,native/imageflow_ex,libwebp-sys,0.3.0,libwebp@1.1.0,CVE-2023-1999,in_range,CVSS:3.1/AV:N/AC:L/PR:N/UI:N/S:U/C:N/I:N/A:H,DEBIAN-CVE-2023-1999 ALPINE-CVE-2023-1999,There exists a use after free/double free in libwebp. An attacker can use the ApplyFiltersAndEncode() function and loop 
pkg:hex/imageflow,hex,1,https://github.com/naps62/imageflow_ex,native/imageflow_ex,libwebp-sys,0.3.0,libwebp@1.1.0,CVE-2023-4863,in_range,CVSS:3.1/AV:N/AC:L/PR:N/UI:R/S:U/C:H/I:H/A:H,DEBIAN-CVE-2023-4863 DSA-5497-1 ALPINE-CVE-2023-4863,Heap buffer overflow in libwebp in Google Chrome prior to 116.0.5845.187 and libwebp 1.3.2 allowed a remote attacker to 
pkg:hex/imageflow,hex,1,https://github.com/naps62/imageflow_ex,native/imageflow_ex,libz-sys,1.1.2,zlib@1.2.11,CVE-2022-37434,in_range,CVSS:3.1/AV:N/AC:L/PR:N/UI:N/S:U/C:H/I:H/A:H,DEBIAN-CVE-2022-37434 ALPINE-CVE-2022-37434,zlib through 1.2.12 has a heap-based buffer over-read or buffer overflow in inflate in inflate.c via a large gzip header
pkg:hex/imageflow,hex,1,https://github.com/naps62/imageflow_ex,native/imageflow_ex,libz-sys,1.1.2,zlib@1.2.11,CVE-2023-45853,in_range,CVSS:3.1/AV:N/AC:L/PR:N/UI:N/S:U/C:H/I:H/A:H,DEBIAN-CVE-2023-45853,MiniZip in zlib through 1.3 has an integer overflow and resultant heap-based buffer overflow in zipOpenNewFileInZip4_64 
pkg:hex/imageflow,hex,1,https://github.com/naps62/imageflow_ex,native/imageflow_ex,libz-sys,1.1.2,zlib@1.2.11,CVE-2026-22184,in_range,CVSS:3.1/AV:L/AC:L/PR:L/UI:N/S:U/C:H/I:H/A:H,DEBIAN-CVE-2026-22184 ALPINE-CVE-2026-22184,zlib versions up to and including 1.3.1.2 include a global buffer overflow in the untgz utility located under contrib/un
pkg:hex/imageflow,hex,1,https://github.com/naps62/imageflow_ex,native/imageflow_ex,libz-sys,1.1.2,zlib@1.2.11,CVE-2018-25032,in_range,CVSS:3.1/AV:N/AC:L/PR:N/UI:N/S:U/C:N/I:N/A:H,DEBIAN-CVE-2018-25032 ALPINE-CVE-2018-25032,"zlib before 1.2.12 allows memory corruption when deflating (i.e., when compressing) if the input has many distant matche"
pkg:hex/netcdf,hex,1,https://github.com/dockyard/netcdf,native/ex_netcdf,curl-sys,0.4.61+curl-8.0.1,curl@8.0.1,CVE-2026-8286,in_range,CVSS:3.1/AV:N/AC:L/PR:L/UI:N/S:U/C:H/I:H/A:N,DEBIAN-CVE-2026-8286 UBUNTU-CVE-2026-8286 USN-8487-1,A vulnerability exists where a new transfer that uses STARTTLS to upgrade the connection might reuse an existing live co
pkg:hex/netcdf,hex,1,https://github.com/dockyard/netcdf,native/ex_netcdf,curl-sys,0.4.61+curl-8.0.1,curl@8.0.1,CVE-2026-8458,in_range,CVSS:3.1/AV:N/AC:L/PR:L/UI:N/S:U/C:N/I:H/A:N,DEBIAN-CVE-2026-8458 UBUNTU-CVE-2026-8458,"libcurl might in some circumstances reuse the wrong connection when asked to do Negotiate-authenticated ones, even when "
pkg:hex/netcdf,hex,1,https://github.com/dockyard/netcdf,native/ex_netcdf,curl-sys,0.4.61+curl-8.0.1,curl@8.0.1,CVE-2026-8924,in_range,CVSS:3.1/AV:N/AC:L/PR:N/UI:N/S:U/C:H/I:H/A:N,DEBIAN-CVE-2026-8924 UBUNTU-CVE-2026-8924,A flaw in curl’s cookie parsing logic allows a malicious HTTP server to set 'super cookies' that bypass the Public Suffi
pkg:hex/netcdf,hex,1,https://github.com/dockyard/netcdf,native/ex_netcdf,curl-sys,0.4.61+curl-8.0.1,curl@8.0.1,CVE-2026-8927,in_range,CVSS:3.1/AV:N/AC:L/PR:N/UI:N/S:U/C:H/I:H/A:N,DEBIAN-CVE-2026-8927 UBUNTU-CVE-2026-8927,"When reusing a libcurl handle for sequential transfers driven by environment-variable proxy configuration, libcurl fails"
pkg:hex/netcdf,hex,1,https://github.com/dockyard/netcdf,native/ex_netcdf,curl-sys,0.4.61+curl-8.0.1,curl@8.0.1,CVE-2026-1965,in_range,CVSS:3.1/AV:N/AC:L/PR:L/UI:N/S:U/C:N/I:H/A:N,DEBIAN-CVE-2026-1965 UBUNTU-CVE-2026-1965,libcurl can in some circumstances reuse the wrong connection when asked to do an Negotiate-authenticated HTTP or HTTPS r
pkg:hex/netcdf,hex,1,https://github.com/dockyard/netcdf,native/ex_netcdf,curl-sys,0.4.61+curl-8.0.1,curl@8.0.1,CVE-2024-7264,in_range,CVSS:3.1/AV:N/AC:L/PR:N/UI:R/S:U/C:N/I:N/A:H,DEBIAN-CVE-2024-7264 ALPINE-CVE-2024-7264 UBUNTU-CVE-2024-7264 USN-6944-1,"libcurl's ASN1 parser code has the `GTime2str()` function, used for parsing an ASN.1 Generalized Time field. If given an"
pkg:hex/netcdf,hex,1,https://github.com/dockyard/netcdf,native/ex_netcdf,curl-sys,0.4.61+curl-8.0.1,curl@8.0.1,CVE-2026-9547,in_range,CVSS:3.1/AV:N/AC:H/PR:N/UI:N/S:U/C:H/I:H/A:N,DEBIAN-CVE-2026-9547 UBUNTU-CVE-2026-9547,When a libcurl-based application performs transfers via `SCP://` or `SFTP://` and utilizes the `CURLOPT_SSH_KEYFUNCTION`
pkg:hex/netcdf,hex,1,https://github.com/dockyard/netcdf,native/ex_netcdf,curl-sys,0.4.61+curl-8.0.1,curl@8.0.1,CVE-2023-38039,in_range,CVSS:3.1/AV:N/AC:L/PR:N/UI:N/S:U/C:N/I:N/A:H,DEBIAN-CVE-2023-38039 ALPINE-CVE-2023-38039 UBUNTU-CVE-2023-38039,"When curl retrieves an HTTP response, it stores the incoming headers so that they can be accessed later via the libcurl "
pkg:hex/netcdf,hex,1,https://github.com/dockyard/netcdf,native/ex_netcdf,curl-sys,0.4.61+curl-8.0.1,curl@8.0.1,CVE-2023-38545,in_range,CVSS:3.1/AV:N/AC:L/PR:N/UI:N/S:U/C:H/I:H/A:H,DEBIAN-CVE-2023-38545 ALPINE-CVE-2023-38545 UBUNTU-CVE-2023-38545,This flaw makes curl overflow a heap based buffer in the SOCKS5 proxy handshake.  When curl is asked to pass along the h
pkg:hex/netcdf,hex,1,https://github.com/dockyard/netcdf,native/ex_netcdf,curl-sys,0.4.61+curl-8.0.1,curl@8.0.1,CVE-2024-8096,in_range,CVSS:3.1/AV:N/AC:L/PR:N/UI:N/S:U/C:L/I:L/A:N,DEBIAN-CVE-2024-8096 ALPINE-CVE-2024-8096 UBUNTU-CVE-2024-8096 USN-7012-1 USN-8525-1,"When curl is told to use the Certificate Status Request TLS extension, often referred to as OCSP stapling, to verify tha"
pkg:hex/netcdf,hex,1,https://github.com/dockyard/netcdf,native/ex_netcdf,curl-sys,0.4.61+curl-8.0.1,curl@8.0.1,CVE-2024-9681,in_range,CVSS:3.1/AV:N/AC:H/PR:N/UI:N/S:U/C:N/I:H/A:L,DEBIAN-CVE-2024-9681 ALPINE-CVE-2024-9681 UBUNTU-CVE-2024-9681 USN-7104-1,"When curl is asked to use HSTS, the expiry time for a subdomain might overwrite a parent domain's cache entry, making it"
pkg:hex/netcdf,hex,1,https://github.com/dockyard/netcdf,native/ex_netcdf,curl-sys,0.4.61+curl-8.0.1,curl@8.0.1,CVE-2023-38546,in_range,CVSS:3.1/AV:N/AC:H/PR:N/UI:N/S:U/C:N/I:L/A:N,DEBIAN-CVE-2023-38546 ALPINE-CVE-2023-38546 UBUNTU-CVE-2023-38546,"This flaw allows an attacker to insert cookies at will into a running program using libcurl, if the specific series of c"
pkg:hex/netcdf,hex,1,https://github.com/dockyard/netcdf,native/ex_netcdf,curl-sys,0.4.61+curl-8.0.1,curl@8.0.1,CVE-2023-46218,in_range,CVSS:3.1/AV:N/AC:L/PR:N/UI:N/S:U/C:L/I:L/A:N,DEBIAN-CVE-2023-46218 ALPINE-CVE-2023-46218,"This flaw allows a malicious HTTP server to set ""super cookies"" in curl that are then passed back to more origins than w"
pkg:hex/netcdf,hex,1,https://github.com/dockyard/netcdf,native/ex_netcdf,curl-sys,0.4.61+curl-8.0.1,curl@8.0.1,CVE-2023-46219,in_range,CVSS:3.1/AV:N/AC:L/PR:N/UI:N/S:U/C:N/I:L/A:N,DEBIAN-CVE-2023-46219 ALPINE-CVE-2023-46219 UBUNTU-CVE-2023-46219,"When saving HSTS data to an excessively long file name, curl could end up removing all contents, making subsequent reque"
pkg:hex/netcdf,hex,1,https://github.com/dockyard/netcdf,native/ex_netcdf,curl-sys,0.4.61+curl-8.0.1,curl@8.0.1,CVE-2024-11053,in_range,CVSS:3.1/AV:N/AC:H/PR:N/UI:R/S:C/C:L/I:N/A:N,DEBIAN-CVE-2024-11053 ALPINE-CVE-2024-11053 UBUNTU-CVE-2024-11053 USN-7162-1,"When asked to both use a `.netrc` file for credentials and to follow HTTP redirects, curl could leak the password used f"
pkg:hex/netcdf,hex,1,https://github.com/dockyard/netcdf,native/ex_netcdf,curl-sys,0.4.61+curl-8.0.1,curl@8.0.1,CVE-2024-2004,in_range,CVSS:3.1/AV:N/AC:L/PR:L/UI:R/S:U/C:L/I:N/A:N,DEBIAN-CVE-2024-2004 ALPINE-CVE-2024-2004 UBUNTU-CVE-2024-2004 USN-6718-3,When a protocol selection parameter option disables all protocols without adding any then the default set of protocols w
pkg:hex/netcdf,hex,1,https://github.com/dockyard/netcdf,native/ex_netcdf,curl-sys,0.4.61+curl-8.0.1,curl@8.0.1,CVE-2024-2398,in_range,CVSS:3.1/AV:N/AC:L/PR:N/UI:N/S:U/C:H/I:L/A:L,DEBIAN-CVE-2024-2398 ALPINE-CVE-2024-2398 UBUNTU-CVE-2024-2398,"When an application tells libcurl it wants to allow HTTP/2 server push, and the amount of received headers for the push "
pkg:hex/netcdf,hex,1,https://github.com/dockyard/netcdf,native/ex_netcdf,curl-sys,0.4.61+curl-8.0.1,curl@8.0.1,CVE-2026-8932,in_range,CVSS:3.1/AV:N/AC:L/PR:N/UI:N/S:U/C:N/I:H/A:N,DEBIAN-CVE-2026-8932 UBUNTU-CVE-2026-8932,libcurl would reuse a previously created connection even when some mTLS config related option had been changed that shou
pkg:hex/netcdf,hex,1,https://github.com/dockyard/netcdf,native/ex_netcdf,curl-sys,0.4.61+curl-8.0.1,curl@8.0.1,CVE-2026-4873,in_range,CVSS:3.1/AV:N/AC:H/PR:N/UI:N/S:U/C:H/I:N/A:N,DEBIAN-CVE-2026-4873 UBUNTU-CVE-2026-4873 USN-8227-1,A vulnerability exists where a connection requiring TLS incorrectly reuses an existing unencrypted connection from the s
pkg:hex/netcdf,hex,1,https://github.com/dockyard/netcdf,native/ex_netcdf,curl-sys,0.4.61+curl-8.0.1,curl@8.0.1,CVE-2026-5545,in_range,CVSS:3.1/AV:N/AC:H/PR:N/UI:N/S:U/C:L/I:H/A:N,DEBIAN-CVE-2026-5545 UBUNTU-CVE-2026-5545,libcurl might in some circumstances reuse the wrong connection when asked to do an authenticated HTTP(S) request after a
pkg:hex/netcdf,hex,1,https://github.com/dockyard/netcdf,native/ex_netcdf,curl-sys,0.4.61+curl-8.0.1,curl@8.0.1,CVE-2026-6253,in_range,CVSS:3.1/AV:N/AC:H/PR:N/UI:N/S:U/C:N/I:N/A:H,DEBIAN-CVE-2026-6253 UBUNTU-CVE-2026-6253,curl might erroneously pass on credentials for a first proxy to a second proxy.  This can happen when the following cond
pkg:hex/netcdf,hex,1,https://github.com/dockyard/netcdf,native/ex_netcdf,curl-sys,0.4.61+curl-8.0.1,curl@8.0.1,CVE-2026-6276,in_range,CVSS:3.1/AV:N/AC:L/PR:N/UI:N/S:U/C:N/I:N/A:H,DEBIAN-CVE-2026-6276 UBUNTU-CVE-2026-6276,"Using libcurl, when a custom `Host:` header is first set for an HTTP request and a second request is subsequently done u"
pkg:hex/netcdf,hex,1,https://github.com/dockyard/netcdf,native/ex_netcdf,curl-sys,0.4.61+curl-8.0.1,curl@8.0.1,CVE-2026-6429,in_range,CVSS:3.1/AV:N/AC:H/PR:L/UI:N/S:U/C:H/I:N/A:N,DEBIAN-CVE-2026-6429 UBUNTU-CVE-2026-6429,"When asked to both use a `.netrc` file for credentials and to follow HTTP redirects, libcurl could leak the password use"
pkg:hex/netcdf,hex,1,https://github.com/dockyard/netcdf,native/ex_netcdf,curl-sys,0.4.61+curl-8.0.1,curl@8.0.1,CVE-2025-14524,in_range,CVSS:3.1/AV:N/AC:H/PR:N/UI:R/S:U/C:H/I:N/A:N,DEBIAN-CVE-2025-14524 UBUNTU-CVE-2025-14524,"When an OAuth2 bearer token is used for an HTTP(S) transfer, and that transfer performs a cross-protocol redirect to a s"
pkg:hex/netcdf,hex,1,https://github.com/dockyard/netcdf,native/ex_netcdf,curl-sys,0.4.61+curl-8.0.1,curl@8.0.1,CVE-2025-14819,in_range,CVSS:3.1/AV:N/AC:H/PR:N/UI:R/S:U/C:H/I:N/A:N,DEBIAN-CVE-2025-14819 UBUNTU-CVE-2025-14819,When doing TLS related transfers with reused easy or multi handles and altering the  `CURLSSLOPT_NO_PARTIALCHAIN` option
pkg:hex/netcdf,hex,1,https://github.com/dockyard/netcdf,native/ex_netcdf,curl-sys,0.4.61+curl-8.0.1,curl@8.0.1,CVE-2026-5773,in_range,CVSS:3.1/AV:N/AC:L/PR:N/UI:N/S:U/C:H/I:N/A:N,DEBIAN-CVE-2026-5773 UBUNTU-CVE-2026-5773,libcurl might in some circumstances reuse the wrong connection for SMB(S) transfers.  libcurl features a pool of recent 
pkg:hex/netcdf,hex,1,https://github.com/dockyard/netcdf,native/ex_netcdf,curl-sys,0.4.61+curl-8.0.1,curl@8.0.1,CVE-2023-28322,in_range,CVSS:3.1/AV:N/AC:H/PR:N/UI:N/S:U/C:L/I:N/A:N,ALPINE-CVE-2023-28322,"An information disclosure vulnerability exists in curl <v8.1.0 when doing HTTP(S) transfers, libcurl might erroneously u"
pkg:hex/netcdf,hex,1,https://github.com/dockyard/netcdf,native/ex_netcdf,curl-sys,0.4.61+curl-8.0.1,curl@8.0.1,CVE-2023-28321,in_range,CVSS:3.1/AV:N/AC:H/PR:N/UI:N/S:U/C:N/I:H/A:N,ALPINE-CVE-2023-28321,An improper certificate validation vulnerability exists in curl <v8.1.0 in the way it supports matching of wildcard patt
pkg:hex/netcdf,hex,1,https://github.com/dockyard/netcdf,native/ex_netcdf,curl-sys,0.4.61+curl-8.0.1,curl@8.0.1,CVE-2023-28320,in_range,CVSS:3.1/AV:N/AC:H/PR:N/UI:N/S:U/C:N/I:N/A:H,ALPINE-CVE-2023-28320,A denial of service vulnerability exists in curl <v8.1.0 in the way libcurl provides several different backends for reso
pkg:hex/netcdf,hex,1,https://github.com/dockyard/netcdf,native/ex_netcdf,curl-sys,0.4.61+curl-8.0.1,curl@8.0.1,CVE-2026-3783,in_range,CVSS:3.1/AV:N/AC:L/PR:N/UI:N/S:U/C:L/I:N/A:N,DEBIAN-CVE-2026-3783 UBUNTU-CVE-2026-3783,"When an OAuth2 bearer token is used for an HTTP(S) transfer, and that transfer performs a redirect to a second URL, curl"
pkg:hex/netcdf,hex,1,https://github.com/dockyard/netcdf,native/ex_netcdf,curl-sys,0.4.61+curl-8.0.1,curl@8.0.1,CVE-2026-3784,in_range,CVSS:3.1/AV:N/AC:L/PR:N/UI:N/S:U/C:L/I:L/A:N,DEBIAN-CVE-2026-3784 UBUNTU-CVE-2026-3784,"curl would wrongly reuse an existing HTTP proxy connection doing CONNECT to a server, even if the new request uses diffe"
pkg:hex/netcdf,hex,1,https://github.com/dockyard/netcdf,native/ex_netcdf,curl-sys,0.4.61+curl-8.0.1,curl@8.0.1,CVE-2023-28319,in_range,CVSS:3.1/AV:N/AC:L/PR:N/UI:N/S:U/C:H/I:N/A:N,ALPINE-CVE-2023-28319,A use after free vulnerability exists in curl <v8.1.0 in the way libcurl offers a feature to verify an SSH server's publ
pkg:hex/netcdf,hex,1,https://github.com/dockyard/netcdf,native/ex_netcdf,curl-sys,0.4.61+curl-8.0.1,curl@8.0.1,CVE-2026-7168,in_range,CVSS:3.1/AV:N/AC:L/PR:N/UI:N/S:U/C:L/I:N/A:N,DEBIAN-CVE-2026-7168 UBUNTU-CVE-2026-7168,Successfully using libcurl to do a transfer over a specific HTTP proxy (`proxyA`) with **Digest** authentication and the
pkg:hex/netcdf,hex,1,https://github.com/dockyard/netcdf,native/ex_netcdf,curl-sys,0.4.61+curl-8.0.1,curl@8.0.1,CVE-2025-0725,in_range,CVSS:3.1/AV:N/AC:L/PR:N/UI:N/S:U/C:L/I:L/A:L,DEBIAN-CVE-2025-0725 ALPINE-CVE-2025-0725,When libcurl is asked to perform automatic gzip decompression of content-encoded HTTP responses with the `CURLOPT_ACCEPT
pkg:hex/netcdf,hex,1,https://github.com/dockyard/netcdf,native/ex_netcdf,curl-sys,0.4.61+curl-8.0.1,curl@8.0.1,CVE-2025-10966,in_range,CVSS:3.1/AV:N/AC:L/PR:L/UI:N/S:U/C:L/I:N/A:N,DEBIAN-CVE-2025-10966,curl's code for managing SSH connections when SFTP was done using the wolfSSH powered backend was flawed and missed host
pkg:hex/netcdf,hex,1,https://github.com/dockyard/netcdf,native/ex_netcdf,curl-sys,0.4.61+curl-8.0.1,curl@8.0.1,CVE-2025-14017,in_range,CVSS:3.1/AV:L/AC:H/PR:N/UI:R/S:U/C:H/I:H/A:N,DEBIAN-CVE-2025-14017 UBUNTU-CVE-2025-14017,"When doing multi-threaded LDAPS transfers (LDAP over TLS) with libcurl, changing TLS options in one thread would inadver"
pkg:hex/netcdf,hex,1,https://github.com/dockyard/netcdf,native/ex_netcdf,curl-sys,0.4.61+curl-8.0.1,curl@8.0.1,CVE-2025-15079,in_range,CVSS:3.1/AV:N/AC:H/PR:N/UI:R/S:U/C:H/I:N/A:N,DEBIAN-CVE-2025-15079 UBUNTU-CVE-2025-15079,"When doing SSH-based transfers using either SCP or SFTP, and setting the known_hosts file, libcurl could still mistakenl"
pkg:hex/netcdf,hex,1,https://github.com/dockyard/netcdf,native/ex_netcdf,curl-sys,0.4.61+curl-8.0.1,curl@8.0.1,CVE-2025-15224,in_range,CVSS:3.1/AV:N/AC:H/PR:N/UI:R/S:U/C:N/I:L/A:N,DEBIAN-CVE-2025-15224 UBUNTU-CVE-2025-15224,"When doing SSH-based transfers using either SCP or SFTP, and asked to do public key authentication, curl would wrongly s"
pkg:hex/netcdf,hex,1,https://github.com/dockyard/netcdf,native/ex_netcdf,curl-sys,0.4.61+curl-8.0.1,curl@8.0.1,CVE-2026-10536,in_range,CVSS:3.1/AV:N/AC:L/PR:N/UI:N/S:U/C:H/I:H/A:H,DEBIAN-CVE-2026-10536 UBUNTU-CVE-2026-10536,A use-after-free vulnerability exists in libcurl when an application configures an HTTP/2 stream-dependency tree via `CU
pkg:hex/netcdf,hex,1,https://github.com/dockyard/netcdf,native/ex_netcdf,curl-sys,0.4.61+curl-8.0.1,curl@8.0.1,CVE-2026-11856,in_range,CVSS:3.1/AV:N/AC:L/PR:N/UI:N/S:U/C:H/I:H/A:H,DEBIAN-CVE-2026-11856 UBUNTU-CVE-2026-11856 USN-8651-1,Successfully using libcurl to do a transfer to a specific HTTP origin (`hostA`) with **Digest** authentication and then 
pkg:hex/netcdf,hex,1,https://github.com/dockyard/netcdf,native/ex_netcdf,curl-sys,0.4.61+curl-8.0.1,curl@8.0.1,CVE-2026-12064,in_range,CVSS:3.1/AV:N/AC:L/PR:N/UI:N/S:U/C:N/I:H/A:N,DEBIAN-CVE-2026-12064,"When a user invokes curl using a schemeless URL combined with `--proto-default` sftp (or scp), a disconnect occurs betwe"
pkg:hex/netcdf,hex,1,https://github.com/dockyard/netcdf,native/ex_netcdf,curl-sys,0.4.61+curl-8.0.1,curl@8.0.1,CVE-2025-0167,in_range,CVSS:3.1/AV:N/AC:H/PR:N/UI:R/S:C/C:L/I:N/A:N,DEBIAN-CVE-2025-0167 ALPINE-CVE-2025-0167 UBUNTU-CVE-2025-0167 USN-8084-1,"When asked to use a `.netrc` file for credentials **and** to follow HTTP redirects, curl could leak the password used fo"
pkg:hex/netcdf,hex,1,https://github.com/dockyard/netcdf,native/ex_netcdf,libz-sys,1.1.8,zlib@1.2.11,CVE-2026-22184,in_range,CVSS:3.1/AV:L/AC:L/PR:L/UI:N/S:U/C:H/I:H/A:H,DEBIAN-CVE-2026-22184 ALPINE-CVE-2026-22184,zlib versions up to and including 1.3.1.2 include a global buffer overflow in the untgz utility located under contrib/un
pkg:hex/netcdf,hex,1,https://github.com/dockyard/netcdf,native/ex_netcdf,libz-sys,1.1.8,zlib@1.2.11,CVE-2023-45853,in_range,CVSS:3.1/AV:N/AC:L/PR:N/UI:N/S:U/C:H/I:H/A:H,DEBIAN-CVE-2023-45853,MiniZip in zlib through 1.3 has an integer overflow and resultant heap-based buffer overflow in zipOpenNewFileInZip4_64 
pkg:hex/netcdf,hex,1,https://github.com/dockyard/netcdf,native/ex_netcdf,libz-sys,1.1.8,zlib@1.2.11,CVE-2022-37434,in_range,CVSS:3.1/AV:N/AC:L/PR:N/UI:N/S:U/C:H/I:H/A:H,DEBIAN-CVE-2022-37434 ALPINE-CVE-2022-37434,zlib through 1.2.12 has a heap-based buffer over-read or buffer overflow in inflate in inflate.c via a large gzip header
pkg:hex/netcdf,hex,1,https://github.com/dockyard/netcdf,native/ex_netcdf,libz-sys,1.1.8,zlib@1.2.11,CVE-2018-25032,in_range,CVSS:3.1/AV:N/AC:L/PR:N/UI:N/S:U/C:N/I:N/A:H,DEBIAN-CVE-2018-25032 ALPINE-CVE-2018-25032,"zlib before 1.2.12 allows memory corruption when deflating (i.e., when compressing) if the input has many distant matche"
pkg:hex/netcdf,hex,1,https://github.com/dockyard/netcdf,native/ex_netcdf,openssl-src,111.25.3+1.1.1t,openssl@1.1.1t,CVE-2025-9230,no_cpe,CVSS:3.1/AV:N/AC:L/PR:N/UI:N/S:U/C:N/I:N/A:H,DEBIAN-CVE-2025-9230 DSA-6015-1 ALPINE-CVE-2025-9230 UBUNTU-CVE-2025-9230 USN-7786-1,Issue summary: An application trying to decrypt CMS messages encrypted using password based encryption can trigger an ou
pkg:hex/netcdf,hex,1,https://github.com/dockyard/netcdf,native/ex_netcdf,openssl-src,111.25.3+1.1.1t,openssl@1.1.1t,CVE-2025-27587,no_cpe,CVSS:3.1/AV:N/AC:H/PR:L/UI:N/S:U/C:H/I:N/A:N,DEBIAN-CVE-2025-27587,"OpenSSL 3.0.0 through 3.3.2 on the PowerPC architecture is vulnerable to a Minerva attack, exploitable by measuring the "
pkg:hex/netcdf,hex,1,https://github.com/dockyard/netcdf,native/ex_netcdf,openssl-src,111.25.3+1.1.1t,openssl@1.1.1t,CVE-2024-9143,no_cpe,CVSS:3.1/AV:N/AC:L/PR:L/UI:N/S:U/C:N/I:L/A:N,DEBIAN-CVE-2024-9143 ALPINE-CVE-2024-9143 UBUNTU-CVE-2024-9143,Issue summary: Use of the low-level GF(2^m) elliptic curve APIs with untrusted explicit values for the field polynomial 
pkg:hex/netcdf,hex,1,https://github.com/dockyard/netcdf,native/ex_netcdf,openssl-src,111.25.3+1.1.1t,openssl@1.1.1t,CVE-2024-5535,no_cpe,CVSS:3.1/AV:N/AC:L/PR:N/UI:N/S:U/C:H/I:N/A:H,DEBIAN-CVE-2024-5535 ALPINE-CVE-2024-5535 UBUNTU-CVE-2024-5535,Issue summary: Calling the OpenSSL API function SSL_select_next_proto with an empty supported client protocols buffer ma
pkg:hex/netcdf,hex,1,https://github.com/dockyard/netcdf,native/ex_netcdf,openssl-src,111.25.3+1.1.1t,openssl@1.1.1t,CVE-2024-4741,no_cpe,CVSS:3.1/AV:N/AC:L/PR:N/UI:N/S:U/C:N/I:N/A:H,DEBIAN-CVE-2024-4741 ALPINE-CVE-2024-4741 UBUNTU-CVE-2024-4741,Issue summary: Calling the OpenSSL API function SSL_free_buffers may cause memory to be accessed that was previously fre
pkg:hex/netcdf,hex,1,https://github.com/dockyard/netcdf,native/ex_netcdf,openssl-src,111.25.3+1.1.1t,openssl@1.1.1t,CVE-2025-9231,no_cpe,CVSS:3.1/AV:N/AC:L/PR:N/UI:N/S:U/C:L/I:N/A:L,DEBIAN-CVE-2025-9231 ALPINE-CVE-2025-9231,Issue summary: A timing side-channel which could potentially allow remote recovery of the private key exists in the SM2 
pkg:hex/netcdf,hex,1,https://github.com/dockyard/netcdf,native/ex_netcdf,openssl-src,111.25.3+1.1.1t,openssl@1.1.1t,CVE-2024-2511,no_cpe,CVSS:3.1/AV:N/AC:H/PR:N/UI:N/S:U/C:N/I:N/A:H,DEBIAN-CVE-2024-2511 ALPINE-CVE-2024-2511 UBUNTU-CVE-2024-2511 USN-6937-1,Issue summary: Some non-default TLS server configurations can cause unbounded memory growth when processing TLSv1.3 sess
pkg:hex/netcdf,hex,1,https://github.com/dockyard/netcdf,native/ex_netcdf,openssl-src,111.25.3+1.1.1t,openssl@1.1.1t,CVE-2024-13176,no_cpe,CVSS:3.1/AV:P/AC:L/PR:L/UI:N/S:U/C:L/I:L/A:L,DEBIAN-CVE-2024-13176 ALPINE-CVE-2024-13176 UBUNTU-CVE-2024-13176 USN-7278-1,Issue summary: A timing side-channel which could potentially allow recovering the private key exists in the ECDSA signat
pkg:hex/netcdf,hex,1,https://github.com/dockyard/netcdf,native/ex_netcdf,openssl-src,111.25.3+1.1.1t,openssl@1.1.1t,CVE-2023-6237,no_cpe,CVSS:3.1/AV:N/AC:H/PR:N/UI:N/S:U/C:N/I:N/A:H,DEBIAN-CVE-2023-6237 ALPINE-CVE-2023-6237 UBUNTU-CVE-2023-6237,Issue summary: Checking excessively long invalid RSA public keys may take a long time.  Impact summary: Applications tha
pkg:hex/netcdf,hex,1,https://github.com/dockyard/netcdf,native/ex_netcdf,openssl-src,111.25.3+1.1.1t,openssl@1.1.1t,CVE-2023-3817,in_range,CVSS:3.1/AV:N/AC:L/PR:N/UI:N/S:U/C:N/I:N/A:L,DEBIAN-CVE-2023-3817,Issue summary: Checking excessively long DH keys or parameters may be very slow.  Impact summary: Applications that use 
pkg:hex/netcdf,hex,1,https://github.com/dockyard/netcdf,native/ex_netcdf,openssl-src,111.25.3+1.1.1t,openssl@1.1.1t,CVE-2024-4603,no_cpe,CVSS:3.1/AV:N/AC:L/PR:N/UI:N/S:U/C:N/I:N/A:L,DEBIAN-CVE-2024-4603 ALPINE-CVE-2024-4603 UBUNTU-CVE-2024-4603,Issue summary: Checking excessively long DSA keys or parameters may be very slow.  Impact summary: Applications that use
pkg:hex/netcdf,hex,1,https://github.com/dockyard/netcdf,native/ex_netcdf,openssl-src,111.25.3+1.1.1t,openssl@1.1.1t,CVE-2024-12797,no_cpe,CVSS:3.1/AV:N/AC:L/PR:N/UI:R/S:U/C:L/I:L/A:L,DEBIAN-CVE-2024-12797 ALPINE-CVE-2024-12797,Issue summary: Clients using RFC7250 Raw Public Keys (RPKs) to authenticate a server may fail to notice that the server 
pkg:hex/netcdf,hex,1,https://github.com/dockyard/netcdf,native/ex_netcdf,openssl-src,111.25.3+1.1.1t,openssl@1.1.1t,CVE-2026-14456,no_cpe,CVSS:3.1/AV:N/AC:L/PR:N/UI:N/S:U/C:N/I:N/A:H,DEBIAN-CVE-2026-14456,Issue summary: When an OpenSSL QUIC server (Listener SSL object) processes valid QUIC Initial packets for unknown destin
pkg:hex/netcdf,hex,1,https://github.com/dockyard/netcdf,native/ex_netcdf,openssl-src,111.25.3+1.1.1t,openssl@1.1.1t,CVE-2025-9232,no_cpe,CVSS:3.1/AV:N/AC:H/PR:N/UI:N/S:U/C:N/I:N/A:H,DEBIAN-CVE-2025-9232 ALPINE-CVE-2025-9232,Issue summary: An application using the OpenSSL HTTP client API functions may trigger an out-of-bounds read if the 'no_p
